gene_pair_id	sorted_gene_pair	targetA	targetB	sgrna_group	921 D28	921 D42	Mel202 D28	Mel270 D28	Mel270 D35	Mel285 D28	Mel285 D49	MP38 D28	MP38 D65	MP41 D28	MP41 D32	MP46 D28	MP46 D64	OMM1 D28	OMM1 D35	OMM23 D28	OMM23 D35	OMM25 D28	OMM25 D42	bassik__Uveal_melanoma	bassik__total	targetA_expression__Uveal_melanoma	targetA_expression__total	targetA_avg_tpm_log2ps1__Uveal_melanoma	targetB_expression__Uveal_melanoma	targetB_expression__total	targetB_avg_tpm_log2ps1__Uveal_melanoma	targetA_single_depleted__Uveal_melanoma	targetA_single_depleted__total	targetB_single_depleted__Uveal_melanoma	targetB_single_depleted__total	targetA__is_common_essential_bagel2	targetB__is_common_essential_bagel2	targetA__is_common_nonessential_bagel2	targetB__is_common_nonessential_bagel2	targetA__is_common_essential_depmap_ceres	targetB__is_common_essential_depmap_ceres	targetA__is_common_essential_depmap_chronos	targetB__is_common_essential_depmap_chronos	targetA__is_common_nonessential_depmap_ceres	targetB__is_common_nonessential_depmap_ceres	targetA__n_depmap_dependent_cell_lines	targetB__n_depmap_dependent_cell_lines
ASF1B|ASF1A	ASF1A|ASF1B	ASF1B	ASF1A	paralog	1	1	1	0	0	1	1	1	1	1	1	1	0	1	1	1	1	1	1	16	16	13	13	3.78	13	13	3.46	2	2	4	4	0	0	0	0	0	0	0	0	0	0	107/1086	89/1086
CSTF2|CSTF2T	CSTF2|CSTF2T	CSTF2	CSTF2T	paralog	1	1	1	1	1	1	0	1	1	1	1	0	0	1	1	1	1	1	1	16	16	13	13	3.95	13	13	3.8	0	0	0	0	0	0	0	0	0	0	0	0	0	0	55/1081	4/1086
DYNC1LI2|DYNC1LI1	DYNC1LI1|DYNC1LI2	DYNC1LI2	DYNC1LI1	paralog	1	1	1	0	1	1	1	0	1	1	1	1	0	1	1	0	0	1	0	13	13	13	13	5.4	13	13	4.43	2	2	0	0	0	0	0	0	0	0	0	0	0	0	62/1086	74/1086
ELL|ELL2	ELL|ELL2	ELL	ELL2	paralog	1	1	0	0	0	0	0	0	0	1	1	0	0	0	1	1	0	1	1	8	8	13	13	1.96	13	13	2.93	15	15	0	0	1	0	0	0	1	0	1	0	0	0	1042/1086	33/1086
HACD1|HACD2	HACD1|HACD2	HACD1	HACD2	paralog	1	1	1	0	0	0	0	0	0	0	0	0	0	0	0	0	0	0	0	3	3	13	13	4.4	13	13	3.4	0	0	2	2	0	0	0	0	0	0	0	0	0	0	0/1086	15/1086
COPS7A|COPS7B	COPS7A|COPS7B	COPS7A	COPS7B	paralog	1	1	1	1	1	1	1	1	1	1	1	0	0	1	1	1	1	1	1	17	17	13	13	5.73	13	13	4.48	0	0	0	0	0	0	0	0	0	0	0	0	0	0	17/1086	1/1086
CLTC|CLTCL1	CLTC|CLTCL1	CLTC	CLTCL1	paralog	1	1	0	1	1	0	0	0	0	0	0	1	0	0	0	0	0	0	0	5	5	13	13	6.85	13	13	2.46	17	17	0	0	1	0	0	0	1	0	1	0	0	0	1074/1086	72/1086
CCNL1|CCNL2	CCNL1|CCNL2	CCNL1	CCNL2	paralog	1	1	1	1	1	1	0	1	1	1	1	0	0	1	1	1	1	1	1	16	16	13	13	5.24	13	13	5.36	9	9	0	0	0	0	0	0	0	0	0	0	0	0	556/1086	18/1086
CHMP1B|CHMP1A	CHMP1A|CHMP1B	CHMP1B	CHMP1A	paralog	1	1	1	1	1	0	0	1	1	1	1	0	0	1	1	1	1	1	1	15	15	13	13	4.46	13	13	4.44	0	0	4	4	0	0	0	0	0	0	0	0	0	0	7/1086	353/1086
HNRNPF|HNRNPH1	HNRNPF|HNRNPH1	HNRNPF	HNRNPH1	Achilles	1	1	0	1	1	0	0	1	1	1	1	0	0	0	0	1	1	1	1	12	12	13	13	6.94	13	13	8.38	0	0	9	9	0	0	0	0	0	1	0	1	0	0	161/1086	959/1086
SS18|SS18L1	SS18|SS18L1	SS18	SS18L1	paralog	0	1	0	0	0	0	0	0	0	0	0	0	0	0	0	0	0	0	0	1	1	13	13	5.01	13	13	4.68	0	0	0	0	0	0	0	0	0	0	0	0	0	0	9/1086	0/1086
BZW1|BZW2	BZW1|BZW2	BZW1	BZW2	paralog	0	0	1	1	1	1	1	0	1	1	1	0	0	1	1	0	1	1	1	13	13	13	13	6.25	13	13	6.51	0	0	2	2	0	0	0	0	0	0	0	0	0	0	30/1086	1/1086
SLC25A37|SLC25A28	SLC25A28|SLC25A37	SLC25A37	SLC25A28	paralog	1	1	1	1	1	1	1	0	1	1	1	0	0	1	1	1	1	1	1	16	16	13	13	3.95	13	13	3.97	3	3	6	6	0	0	0	0	0	0	0	0	0	0	19/1086	163/1086
RANBP9|RANBP10	RANBP9|RANBP10	RANBP9	RANBP10	paralog	0	1	1	1	0	0	0	1	1	0	0	0	0	0	0	0	0	0	0	5	5	13	13	4.74	13	13	3.44	0	0	0	0	0	0	0	0	0	0	0	0	0	0	30/1086	3/1086
MYC|MYCN	MYC|MYCN	MYC	MYCN	Emanuel	1	1	0	0	1	1	1	0	1	0	0	0	1	0	1	0	0	0	0	8	8	13	13	6.98	0	0	0.03	19	19	0	0	1	0	0	0	0	0	1	0	0	0	1037/1086	36/1086
CLTC|CLTB	CLTB|CLTC	CLTC	CLTB	Achilles	1	1	0	0	0	0	0	1	0	0	0	0	0	0	0	0	0	0	0	3	3	13	13	6.85	13	13	5.5	17	17	0	0	1	0	0	0	1	0	1	0	0	0	1074/1086	19/1086
CCND3|CCND1	CCND1|CCND3	CCND3	CCND1	Achilles	0	1	1	0	0	1	1	1	1	1	1	1	0	1	1	1	1	1	1	15	15	13	13	4.24	13	13	6.19	2	2	19	19	0	0	0	0	0	0	0	0	0	0	164/1086	755/1086
DUSP10|TIMM10	DUSP10|TIMM10	DUSP10	TIMM10	Emanuel	0	0	0	0	0	1	0	0	0	0	0	0	0	1	1	0	0	0	0	3	3	13	13	2.35	13	13	6.7	0	0	17	17	0	1	0	0	0	1	0	1	0	0	31/1086	1030/1086
PCDH1|CDIPT	CDIPT|PCDH1	PCDH1	CDIPT	Emanuel	1	1	1	0	0	0	0	1	1	0	0	1	0	1	1	1	1	0	0	10	10	13	13	2.64	13	13	5.33	0	0	17	17	0	0	0	0	0	1	0	1	0	0	0/1086	831/1086
AP2A2|AP2A1	AP2A1|AP2A2	AP2A2	AP2A1	paralog	1	1	1	0	0	0	0	0	0	0	1	0	0	1	1	1	1	1	1	10	10	13	13	4.02	13	13	4.76	0	0	4	4	0	0	0	0	0	0	0	0	0	0	1/1086	18/1086
LIN28A|LIN28B	LIN28A|LIN28B	LIN28A	LIN28B	paralog	0	1	0	0	0	0	0	0	0	0	0	0	0	0	0	0	0	0	0	1	1	0	0	0.15	8	8	1.5	0	0	0	0	0	0	1	0	0	0	0	0	1	0	34/1086	24/1086
MED13|MED13L	MED13|MED13L	MED13	MED13L	paralog	1	0	1	1	1	0	0	1	1	1	1	1	1	1	1	1	1	1	1	16	16	13	13	3.55	13	13	3.96	2	2	3	3	0	0	0	0	0	0	0	0	0	0	43/1086	53/1086
TOP2B|TOP2A	TOP2A|TOP2B	TOP2B	TOP2A	paralog	1	1	0	1	1	1	0	1	1	0	1	0	0	1	1	1	0	1	0	12	12	13	13	5.72	13	13	5.74	0	0	17	17	0	1	0	0	0	1	0	1	0	0	7/1086	1082/1086
AHCYL1|AHCYL2	AHCYL1|AHCYL2	AHCYL1	AHCYL2	Achilles	0	0	0	1	1	0	0	1	1	0	0	0	0	0	0	1	1	0	0	6	6	13	13	5.43	13	13	3.14	12	12	0	0	0	0	0	0	0	0	0	0	0	0	423/1086	2/1086
RPRD1B|RPRD1A	RPRD1A|RPRD1B	RPRD1B	RPRD1A	paralog	0	0	1	0	0	1	0	0	0	0	0	0	0	1	1	1	1	1	1	8	8	13	13	3.8	13	13	4.77	5	5	0	0	0	0	0	0	1	0	0	0	0	0	455/1086	23/1086
PPP2R1A|PPP2R1B	PPP2R1A|PPP2R1B	PPP2R1A	PPP2R1B	paralog	1	1	0	0	0	1	0	1	1	1	1	0	0	0	0	0	0	1	0	8	8	13	13	6.5	13	13	3.01	13	13	0	0	0	0	0	0	1	0	1	0	0	0	910/1086	0/1086
CCNE1|CCND1	CCND1|CCNE1	CCNE1	CCND1	Achilles	0	1	0	0	0	1	1	0	1	0	0	1	1	0	1	1	1	0	0	9	9	13	13	2.59	13	13	6.19	0	0	19	19	0	0	0	0	0	0	0	0	0	0	100/1086	755/1086
TNPO2|TNPO1	TNPO1|TNPO2	TNPO2	TNPO1	Achilles	1	0	1	1	1	1	1	1	1	1	1	0	0	1	1	1	1	1	1	16	16	13	13	4.98	13	13	6.03	0	0	9	9	0	0	0	0	0	0	0	0	0	0	2/1086	319/1086
PLEK2|MRPL41	MRPL41|PLEK2	PLEK2	MRPL41	Emanuel	0	1	0	0	0	0	0	0	1	0	0	0	0	0	0	0	0	0	0	2	2	8	8	2.33	13	13	5.37	0	0	15	15	0	0	0	0	0	0	0	1	0	0	1/1086	1003/1086
ARID1B|ARID1A	ARID1A|ARID1B	ARID1B	ARID1A	paralog	0	0	1	1	1	0	0	1	1	0	0	0	0	1	1	0	0	1	1	9	9	13	13	4.15	13	13	4.09	0	0	8	8	0	0	0	0	0	0	0	0	0	0	40/1086	215/1086
INTS6L|INTS6	INTS6|INTS6L	INTS6L	INTS6	Emanuel	1	1	0	0	0	1	0	1	1	1	1	1	0	0	0	0	1	1	0	10	10	6	6	1.03	13	13	3.08	0	0	15	15	0	0	0	0	0	0	0	0	0	0	2/1081	795/1086
CTPS2|CTPS1	CTPS1|CTPS2	CTPS2	CTPS1	paralog	1	0	1	0	0	0	0	0	0	0	0	0	0	0	0	1	1	1	1	6	6	9	9	2.12	13	13	4.77	0	0	5	5	0	1	0	0	0	1	0	1	0	0	2/1081	673/1086
COX6B1|COX6B2	COX6B1|COX6B2	COX6B1	COX6B2	paralog	0	0	0	0	0	0	0	0	0	0	0	0	0	0	0	0	0	0	0	0	0	13	13	9.72	2	2	0.3	13	13	0	0	1	0	0	0	1	0	1	0	0	0	611/1086	2/1086
DDX17|DDX5	DDX5|DDX17	DDX17	DDX5	Achilles	0	1	0	0	0	0	0	1	0	0	0	0	0	1	1	1	1	1	0	7	7	13	13	6.68	13	13	8.5	0	0	2	2	0	0	0	0	0	0	0	1	0	0	77/1086	874/1086
CAB39L|CAB39	CAB39|CAB39L	CAB39L	CAB39	paralog	1	1	1	0	0	0	0	1	1	0	1	0	0	1	1	1	1	1	1	12	12	13	13	3.48	13	13	4.19	0	0	0	0	0	0	0	0	0	0	0	0	0	0	0/1086	303/1086
CREBBP|EP300	CREBBP|EP300	CREBBP	EP300	paralog	1	0	1	1	1	0	0	1	1	1	1	1	1	0	0	1	1	1	1	14	14	13	13	3.54	13	13	3.81	2	2	4	4	0	0	0	0	0	0	0	0	0	0	118/1086	338/1086
PUM2|PUM1	PUM1|PUM2	PUM2	PUM1	paralog	1	1	1	1	1	0	0	0	0	1	1	1	0	1	1	0	0	1	0	11	11	13	13	5.16	13	13	4.16	0	0	0	0	0	0	0	0	0	0	0	0	0	0	31/1086	118/1086
EXOC6|EXOC6B	EXOC6|EXOC6B	EXOC6	EXOC6B	paralog	0	0	0	0	0	1	0	0	0	0	0	0	0	0	0	1	1	1	1	5	5	13	13	2.96	13	13	3.61	0	0	0	0	0	0	0	0	0	0	0	0	0	0	13/1086	5/1086
RBBP4|RBBP7	RBBP4|RBBP7	RBBP4	RBBP7	Achilles	1	1	1	0	0	1	0	1	1	0	0	1	0	0	0	1	1	1	1	11	11	13	13	6.57	13	13	6.23	13	13	2	2	0	0	0	0	1	0	1	0	0	0	1083/1086	64/1081
SAR1A|SAR1B	SAR1A|SAR1B	SAR1A	SAR1B	paralog	1	0	1	1	1	1	0	1	1	1	0	0	0	1	1	1	1	1	1	14	14	13	13	4.79	13	13	4.96	3	3	0	0	0	0	0	0	0	0	0	0	0	0	49/1086	0/1086
RRM2B|RRM2	RRM2|RRM2B	RRM2B	RRM2	Jen Uveal	0	1	0	0	0	0	0	0	0	0	0	0	1	0	0	0	0	0	0	2	2	13	13	4.68	13	13	5.01	8	8	17	17	0	0	0	0	0	1	0	1	0	0	3/1086	1086/1086
CAP2|CAP1	CAP1|CAP2	CAP2	CAP1	paralog	0	0	0	1	1	0	0	0	0	0	0	0	0	0	0	0	0	0	0	2	2	13	13	4.69	13	13	7.06	0	0	2	2	0	0	0	0	0	0	0	1	0	0	0/1086	876/1086
HNRNPH3|HNRNPH1	HNRNPH1|HNRNPH3	HNRNPH3	HNRNPH1	Achilles	1	1	0	0	0	0	0	1	0	0	0	0	0	1	0	0	0	0	0	4	4	13	13	7.44	13	13	8.38	2	2	9	9	0	0	0	0	0	1	0	1	0	0	109/1086	959/1086
TCERG1|SF1	SF1|TCERG1	TCERG1	SF1	Achilles	0	0	0	0	0	0	0	0	1	0	0	0	0	0	0	0	0	0	0	1	1	13	13	4.9	13	13	6.45	2	2	17	17	0	1	0	0	1	1	1	1	0	0	697/1086	1084/1086
HASPIN|ASF1B	ASF1B|HASPIN	HASPIN	ASF1B	Achilles	0	0	0	0	0	0	0	0	0	0	0	0	0	0	0	0	0	0	0	0	0	11	11	1.8	13	13	3.78	5	5	2	2	0	0	0	0	0	0	0	0	0	0	21/1086	107/1086
HUS1|HUS1B	HUS1|HUS1B	HUS1	HUS1B	paralog	0	0	0	0	0	0	0	0	0	0	0	0	0	0	0	0	0	0	0	0	0	13	13	3.84	0	0	0.11	13	13	0	0	0	0	0	0	1	0	0	0	0	0	492/1086	0/1086
CDK8|CDK19	CDK8|CDK19	CDK8	CDK19	paralog	1	0	1	1	1	0	0	0	1	1	1	0	0	1	1	0	0	1	1	11	11	13	13	3.45	13	13	2.45	2	2	0	0	0	0	0	0	0	0	0	0	0	0	62/1086	0/1086
CASP4|PCGF1	CASP4|PCGF1	CASP4	PCGF1	Emanuel	0	0	0	0	0	0	0	0	0	0	0	0	0	0	0	0	0	0	0	0	0	11	11	3.32	13	13	5.1	0	0	4	4	0	0	0	0	0	0	0	0	0	0	0/1086	43/1086
RNF2|RING1	RING1|RNF2	RNF2	RING1	paralog	1	1	0	1	1	0	0	1	1	0	0	0	0	0	0	0	0	0	0	6	6	13	13	3.91	13	13	5.3	0	0	0	0	0	0	0	0	0	0	0	0	0	0	5/1086	58/1086
TOMM22|MTX1	MTX1|TOMM22	TOMM22	MTX1	Achilles	0	0	0	0	0	0	1	0	0	0	0	0	0	0	0	0	0	0	0	1	1	13	13	5.84	13	13	6.04	12	12	0	0	1	0	0	0	1	0	1	0	0	0	1077/1086	1/1086
CTR9|PAF1	CTR9|PAF1	CTR9	PAF1	Achilles	0	0	0	0	0	0	1	0	0	0	0	1	0	1	1	0	0	0	0	4	4	13	13	4.1	13	13	4.57	15	15	6	6	1	0	0	0	1	1	1	1	0	0	1049/1086	1051/1086
E2F4|E2F3	E2F3|E2F4	E2F4	E2F3	Achilles	0	0	0	0	0	1	0	0	0	0	0	0	0	0	0	0	0	0	0	1	1	13	13	4.68	13	13	4.36	0	0	10	10	0	0	0	0	0	0	0	0	0	0	18/1086	235/1086
PSMB8|PCGF1	PCGF1|PSMB8	PSMB8	PCGF1	Emanuel	0	0	0	0	0	0	0	0	0	0	0	0	0	0	0	0	0	0	0	0	0	8	8	2.21	13	13	5.1	0	0	4	4	0	0	0	0	0	0	0	0	0	0	2/1086	43/1086
NRBP1|NRBP2	NRBP1|NRBP2	NRBP1	NRBP2	paralog	0	0	0	0	0	0	0	0	0	0	0	0	0	0	0	0	0	0	0	0	0	13	13	5.81	13	13	3.58	2	2	1	1	0	0	0	0	0	0	1	0	0	0	1014/1086	6/1086
SLC11A1|SLC11A2	SLC11A1|SLC11A2	SLC11A1	SLC11A2	paralog	0	0	0	0	0	0	0	0	0	0	0	0	0	0	0	0	0	0	0	0	0	2	2	0.24	13	13	5.35	0	0	1	1	0	0	0	0	0	0	0	0	0	0	0/1086	15/1086
MED26|MED8	MED8|MED26	MED26	MED8	Achilles	0	0	0	0	0	0	0	0	1	1	1	1	0	0	0	0	0	0	0	4	4	13	13	1.81	13	13	4.52	6	6	10	10	0	0	0	0	1	1	1	1	0	0	970/1086	1080/1086
NAE1|PRKDC	NAE1|PRKDC	NAE1	PRKDC	Jen Uveal	0	0	0	0	0	0	1	0	1	0	0	0	0	0	0	0	0	0	0	2	2	13	13	5.44	13	13	6.88	17	17	16	16	NA	NA	NA	NA	NA	NA	NA	NA	NA	NA	NA	NA
TUBB4B|TUBB	TUBB|TUBB4B	TUBB4B	TUBB	Achilles	1	0	1	1	1	0	1	1	1	1	1	1	0	1	1	1	0	1	1	15	15	13	13	6.77	13	13	9.51	4	4	15	15	0	1	0	0	0	1	0	1	0	0	339/1086	1044/1086
MED23|THRAP3	MED23|THRAP3	MED23	THRAP3	Achilles	0	0	0	0	1	0	0	0	0	0	0	1	0	0	0	0	0	0	0	2	2	13	13	2.98	13	13	5.4	5	5	2	2	0	0	0	0	0	0	0	0	0	0	227/1086	169/1086
CDK19|THRAP3	CDK19|THRAP3	CDK19	THRAP3	Achilles	0	0	0	0	0	0	0	0	0	0	0	0	0	0	0	0	0	0	0	0	0	13	13	2.45	13	13	5.4	0	0	2	2	0	0	0	0	0	0	0	0	0	0	0/1086	169/1086
KAT6A|KAT6B	KAT6A|KAT6B	KAT6A	KAT6B	paralog	0	0	0	0	0	0	0	0	0	0	0	0	0	0	0	0	0	0	0	0	0	13	13	3.3	13	13	2.09	4	4	0	0	0	0	0	0	0	0	0	0	0	0	50/1086	8/1086
COQ10B|COQ10A	COQ10A|COQ10B	COQ10B	COQ10A	paralog	1	0	1	0	0	0	0	1	1	1	1	0	0	1	1	1	1	1	1	12	12	13	13	4.37	13	13	4.09	0	0	0	0	0	0	0	0	0	0	0	0	0	0	41/1086	4/1086
PPP2CA|PPP4C	PPP2CA|PPP4C	PPP2CA	PPP4C	Achilles	0	0	0	0	0	0	0	0	0	0	0	1	0	0	0	0	0	1	1	3	3	13	13	5.49	13	13	5.99	10	10	17	17	1	1	0	0	1	1	1	1	0	0	928/1086	1062/1086
HRH1|ATP5F1D	ATP5F1D|HRH1	HRH1	ATP5F1D	Emanuel	0	0	0	0	0	0	0	0	0	0	0	0	0	0	0	0	0	0	0	0	0	2	2	0.26	13	13	4.93	0	0	7	7	0	1	0	0	0	0	0	1	0	0	0/1086	881/1086
BCAP31|NXT1	BCAP31|NXT1	BCAP31	NXT1	Emanuel	0	0	0	0	0	0	0	0	0	0	0	0	0	0	0	0	0	0	0	0	0	13	13	7.69	13	13	4.34	2	2	11	11	0	0	0	0	0	0	0	0	0	0	76/1081	455/1086
RHOBTB2|GDI2	GDI2|RHOBTB2	RHOBTB2	GDI2	Achilles	0	0	0	0	0	0	0	0	0	0	0	0	0	0	0	0	0	0	0	0	0	13	13	2.93	13	13	6.96	0	0	9	9	0	0	0	0	0	0	0	0	0	0	2/1086	34/1086
RRAGD|RRAGC	RRAGC|RRAGD	RRAGD	RRAGC	Emanuel	0	0	1	0	0	0	0	0	0	0	0	0	0	0	0	0	0	1	1	3	3	13	13	4.1	13	13	4.33	0	0	0	0	0	0	0	0	0	0	0	0	0	0	0/1086	344/1086
ATP6V1E1|ATP6V1E2	ATP6V1E1|ATP6V1E2	ATP6V1E1	ATP6V1E2	paralog	0	0	0	0	0	0	0	0	0	0	0	0	0	0	0	0	0	0	0	0	0	13	13	7.77	13	13	3.87	2	2	0	0	1	0	0	0	1	0	1	0	0	0	1084/1086	3/1086
TRAPPC3|TRAPPC3L	TRAPPC3|TRAPPC3L	TRAPPC3	TRAPPC3L	paralog	0	0	0	0	0	0	0	0	0	0	0	0	0	0	1	0	0	0	0	1	1	13	13	5.72	0	0	0	13	13	0	0	1	0	0	0	1	0	1	0	0	0	1083/1086	0/1086
RBM22|CWF19L1	CWF19L1|RBM22	RBM22	CWF19L1	Achilles	0	0	0	0	0	1	0	0	0	0	0	0	0	0	0	0	0	0	0	1	1	13	13	4.69	13	13	3.93	4	4	0	0	0	0	0	0	0	0	1	0	0	0	1085/1086	65/1086
CHORDC1|ITGB1BP2	CHORDC1|ITGB1BP2	CHORDC1	ITGB1BP2	paralog	0	0	0	0	0	0	0	0	1	0	0	0	0	0	0	0	0	0	0	1	1	13	13	4.93	0	0	0.29	19	19	0	0	0	0	0	0	1	0	1	0	0	0	964/1086	0/1081
CCNT2|CCNT1	CCNT1|CCNT2	CCNT2	CCNT1	paralog	0	0	1	1	1	1	0	1	0	0	0	0	0	1	1	1	1	1	1	11	11	13	13	3.35	13	13	3.4	0	0	0	0	0	0	0	0	0	0	0	0	0	0	12/1086	82/1086
ATM|MDM4	ATM|MDM4	ATM	MDM4	Achilles	0	0	0	0	0	0	0	0	0	0	0	0	0	0	0	0	0	0	0	0	0	13	13	4.23	13	13	3.1	0	0	7	7	0	0	0	0	0	0	0	0	0	0	11/1086	176/1086
AKIRIN2|AKIRIN1	AKIRIN1|AKIRIN2	AKIRIN2	AKIRIN1	paralog	0	0	0	0	0	1	0	1	1	0	0	0	0	1	1	0	0	0	0	5	5	13	13	3.83	13	13	5.08	16	16	0	0	0	0	0	0	1	0	1	0	0	0	1086/1086	362/1086
GDI2|GDI1	GDI1|GDI2	GDI2	GDI1	paralog	1	0	1	1	1	1	0	1	1	1	1	0	0	0	0	1	1	1	1	13	13	13	13	6.96	13	13	5.83	9	9	0	0	0	0	0	0	0	0	0	0	0	0	34/1086	2/1081
KPNA3|KPNA2	KPNA2|KPNA3	KPNA3	KPNA2	Achilles	0	0	0	0	0	0	0	0	0	0	0	0	0	0	0	0	0	0	0	0	0	13	13	4.17	13	13	7.59	0	0	4	4	0	0	0	0	0	0	0	0	0	0	0/1086	250/1086
CDS1|CDS2	CDS1|CDS2	CDS1	CDS2	Emanuel	0	0	0	0	0	0	0	0	0	0	0	0	0	0	0	0	0	0	0	0	0	6	6	1.12	13	13	3.96	0	0	11	11	0	0	0	0	0	0	0	0	0	0	4/1086	328/1086
NCBP2|NCBP2L	NCBP2|NCBP2L	NCBP2	NCBP2L	paralog	1	0	0	0	0	0	0	0	0	0	0	0	0	0	0	0	0	0	0	1	1	13	13	6.08	0	0	0	7	7	0	0	NA	NA	NA	NA	NA	NA	NA	NA	NA	NA	NA	NA
ARFGEF1|ARFGEF2	ARFGEF1|ARFGEF2	ARFGEF1	ARFGEF2	paralog	0	0	1	0	0	1	0	1	1	0	0	0	0	1	1	1	1	1	1	10	10	13	13	4.77	13	13	4.36	0	0	0	0	0	0	0	0	0	0	0	0	0	0	1/1086	6/1086
NCK2|NCK1	NCK1|NCK2	NCK2	NCK1	paralog	0	0	0	0	0	0	0	0	0	0	0	0	0	0	0	0	0	0	0	0	0	13	13	4.67	13	13	4.84	0	0	0	0	0	0	0	0	0	0	0	0	0	0	0/1086	2/1086
BUB3|BUB1B	BUB1B|BUB3	BUB3	BUB1B	Achilles	0	0	0	0	0	0	1	0	0	0	0	1	1	0	0	0	0	0	0	3	3	13	13	6.17	13	13	4.09	19	19	10	10	1	1	0	0	1	1	1	1	0	0	1080/1086	1072/1086
SNRPD3|CLNS1A	CLNS1A|SNRPD3	SNRPD3	CLNS1A	Achilles	0	0	0	0	0	0	0	0	0	1	0	1	1	0	0	0	0	0	0	3	3	13	13	5.97	13	13	7.4	17	17	17	17	NA	NA	NA	NA	NA	NA	NA	NA	NA	NA	NA	NA
TIMP2|PCGF1	PCGF1|TIMP2	TIMP2	PCGF1	Emanuel	0	0	0	0	0	0	0	0	0	0	0	0	0	0	0	0	0	0	0	0	0	13	13	7.96	13	13	5.1	0	0	4	4	0	0	0	0	0	0	0	0	0	0	0/1086	43/1086
DDX39A|DDX39B	DDX39A|DDX39B	DDX39A	DDX39B	Achilles	1	0	1	0	0	1	0	0	0	0	0	0	0	1	1	1	1	1	1	9	9	13	13	6.29	13	13	7.73	0	0	0	0	0	0	0	0	0	1	0	1	0	0	63/1086	733/1086
DHX29|DHX9	DHX9|DHX29	DHX29	DHX9	Achilles	0	0	0	0	0	0	0	0	0	0	0	0	0	0	0	0	0	0	0	0	0	13	13	3.58	13	13	6.8	0	0	14	14	0	1	0	0	0	1	0	1	0	0	145/1086	1036/1086
MORF4L2|MORF4L1	MORF4L1|MORF4L2	MORF4L2	MORF4L1	paralog	0	0	0	0	0	0	0	0	0	0	0	0	0	0	0	0	0	0	0	0	0	13	13	8.65	13	13	8.33	2	2	0	0	0	0	0	0	0	0	0	0	0	0	1/1081	86/1086
DMXL2|DMXL1	DMXL1|DMXL2	DMXL2	DMXL1	paralog	0	0	0	0	0	0	0	0	0	0	0	0	0	0	0	1	1	0	0	2	2	13	13	4.26	13	13	4.05	0	0	0	0	0	0	0	0	0	0	0	0	0	0	3/1086	33/1086
PMM1|PMM2	PMM1|PMM2	PMM1	PMM2	paralog	0	0	1	1	1	0	0	1	1	1	1	0	0	1	1	1	1	1	1	13	13	13	13	4.78	13	13	4.77	2	2	0	0	0	0	0	0	0	0	0	0	0	0	2/1086	262/1086
PPP2CB|PPP2CA	PPP2CA|PPP2CB	PPP2CB	PPP2CA	Achilles	0	0	1	0	0	1	0	1	1	0	0	0	0	1	1	1	1	1	1	10	10	13	13	6.06	13	13	5.49	0	0	10	10	0	1	0	0	0	1	0	1	0	0	2/1086	928/1086
SMC1A|SMC1B	SMC1A|SMC1B	SMC1A	SMC1B	paralog	0	0	0	0	0	1	0	0	0	0	0	0	0	0	0	0	0	0	0	1	1	13	13	4.45	6	6	0.91	15	15	0	0	1	0	0	0	1	0	1	0	0	0	1079/1081	2/1086
TSTD1|CDIPT	CDIPT|TSTD1	TSTD1	CDIPT	Emanuel	0	0	0	0	0	0	0	1	1	1	1	1	1	1	1	1	1	1	1	12	12	2	2	0.98	13	13	5.33	0	0	17	17	0	0	0	0	0	1	0	1	0	0	4/1086	831/1086
FKBP4|FKBP5	FKBP4|FKBP5	FKBP4	FKBP5	paralog	0	0	0	0	1	0	0	0	0	0	0	0	0	0	0	0	0	0	0	1	1	13	13	5.56	11	11	2.86	0	0	0	0	0	0	0	0	0	0	0	0	0	0	7/1086	0/1086
CHM|CHML	CHM|CHML	CHM	CHML	paralog	0	0	1	1	0	1	0	1	1	0	0	0	0	1	1	1	1	1	1	11	11	13	13	3.97	13	13	2.73	0	0	0	0	0	0	0	0	0	0	0	0	0	0	11/1081	6/1086
S100A6|ATP5F1A	ATP5F1A|S100A6	S100A6	ATP5F1A	Emanuel	0	0	0	0	0	1	1	0	0	0	0	0	0	0	0	0	0	0	0	2	2	9	9	4.76	13	13	8.7	0	0	13	13	0	1	0	0	0	0	0	1	0	0	3/1086	749/1086
NAA15|NAA16	NAA15|NAA16	NAA15	NAA16	paralog	0	0	0	0	0	1	0	1	0	1	1	0	0	0	1	0	0	0	0	5	5	13	13	4.03	13	13	2.63	9	9	0	0	0	0	0	0	1	0	1	0	0	0	1042/1086	1/1086
KLF4|MTG2	KLF4|MTG2	KLF4	MTG2	Emanuel	0	0	0	0	0	0	0	0	0	0	0	0	0	0	0	0	0	0	0	0	0	4	4	1.08	13	13	4.23	0	0	17	17	0	1	0	0	0	0	0	1	0	0	11/1086	634/1086
LGALS9|ABT1	ABT1|LGALS9	LGALS9	ABT1	Emanuel	0	0	0	0	0	0	0	0	0	0	0	0	0	0	0	0	0	0	0	0	0	0	0	0.22	13	13	3.91	0	0	13	13	0	0	0	0	0	1	0	1	0	0	150/1086	1065/1086
NAE1|PDCD4	NAE1|PDCD4	NAE1	PDCD4	Jen Uveal	0	0	0	0	0	1	1	0	0	0	0	0	0	0	0	0	0	0	0	2	2	13	13	5.44	13	13	6.78	17	17	0	0	0	0	0	0	1	0	1	0	0	0	889/1086	1/1086
EIF3L|EIF3J	EIF3J|EIF3L	EIF3L	EIF3J	Achilles	0	0	0	0	0	0	0	0	0	0	0	0	0	0	0	0	0	0	0	0	0	13	13	8.5	13	13	5.77	4	4	0	0	0	0	0	0	0	1	0	1	0	0	332/1086	909/1086
GTF3C1|SNAPC4	GTF3C1|SNAPC4	GTF3C1	SNAPC4	Achilles	0	0	0	0	0	0	1	0	0	0	0	0	0	0	0	0	0	0	0	1	1	13	13	4.58	13	13	2.49	11	11	0	0	1	1	0	0	1	0	1	1	0	0	1021/1086	1082/1086
UAP1|UAP1L1	UAP1|UAP1L1	UAP1	UAP1L1	paralog	0	0	1	1	1	0	0	1	1	0	0	0	0	1	1	1	1	1	1	11	11	13	13	4.77	13	13	4.03	0	0	0	0	0	0	0	0	0	0	0	0	0	0	221/1086	0/1086
SMARCA1|PFAS	PFAS|SMARCA1	SMARCA1	PFAS	Emanuel	0	0	0	0	0	0	0	1	1	0	0	0	0	0	0	0	0	0	0	2	2	13	13	4.18	13	13	4.39	0	0	4	4	0	0	0	0	0	1	0	0	0	0	1/1081	374/1086
HMGCS1|HMGCS2	HMGCS1|HMGCS2	HMGCS1	HMGCS2	paralog	0	0	0	0	0	1	0	0	0	0	0	0	0	0	0	0	0	1	1	3	3	13	13	5.31	0	0	0.01	15	15	0	0	0	0	0	0	1	0	1	0	0	0	1067/1086	0/1086
SMAP2|SMAP1	SMAP1|SMAP2	SMAP2	SMAP1	paralog	0	0	0	0	0	0	0	0	0	0	0	0	0	0	0	0	0	0	0	0	0	13	13	3.39	13	13	3.06	0	0	0	0	0	0	0	0	0	0	0	0	0	0	1/1086	0/1086
IRF6|CDIPT	CDIPT|IRF6	IRF6	CDIPT	Emanuel	0	0	0	0	0	1	0	1	1	0	0	1	1	0	0	0	1	1	1	8	8	0	0	0.06	13	13	5.33	0	0	17	17	0	0	0	0	0	1	0	1	0	0	5/1086	831/1086
RPP14|RPP21	RPP14|RPP21	RPP14	RPP21	Achilles	0	0	0	0	0	0	0	0	0	0	1	0	0	0	0	0	0	0	1	2	2	13	13	3.02	13	13	6.32	2	2	17	17	0	1	0	0	1	0	1	1	0	0	1072/1086	1036/1086
UTP14A|UTP14C	UTP14A|UTP14C	UTP14A	UTP14C	paralog	0	0	0	0	0	0	0	0	0	0	0	0	0	0	0	0	0	0	0	0	0	13	13	4.46	5	5	0.65	9	9	0	0	0	0	0	0	1	0	1	0	0	0	757/1081	0/1086
IMPDH1|IMPDH2	IMPDH1|IMPDH2	IMPDH1	IMPDH2	paralog	1	0	1	1	1	0	0	1	1	1	0	0	0	0	1	1	1	1	1	12	12	13	13	4.5	13	13	7.93	0	0	4	4	0	0	0	0	0	0	0	0	0	0	237/1086	592/1086
MAT1A|MAT2A	MAT1A|MAT2A	MAT1A	MAT2A	paralog	0	0	0	1	0	0	0	1	1	1	1	0	0	1	1	1	1	1	1	11	11	8	8	2.13	13	13	6.98	0	0	10	10	0	0	0	0	0	1	0	1	0	0	1/1086	1062/1086
TAP1|FDPS	FDPS|TAP1	TAP1	FDPS	Emanuel	0	0	0	0	0	0	0	0	0	0	0	0	0	0	0	0	0	0	0	0	0	11	11	3.14	13	13	7.62	0	0	4	4	0	0	0	0	0	0	0	1	0	0	236/1086	802/1086
SEPHS1|SEPHS2	SEPHS1|SEPHS2	SEPHS1	SEPHS2	paralog	0	0	0	0	0	0	0	0	0	0	0	0	0	0	0	0	0	0	0	0	0	13	13	5.17	13	13	6.77	9	9	4	4	0	0	0	0	0	0	0	0	0	0	137/1086	603/1086
NKAP|NKAPL	NKAP|NKAPL	NKAP	NKAPL	paralog	0	0	0	0	0	1	1	0	0	0	0	0	0	0	0	0	0	0	0	2	2	13	13	3.66	0	0	0.01	13	13	0	0	1	0	0	0	1	0	1	0	0	0	1056/1081	2/1086
EPS15|EPS15L1	EPS15|EPS15L1	EPS15	EPS15L1	paralog	0	0	1	0	0	0	0	0	0	0	0	0	0	0	0	0	0	0	0	1	1	13	13	5.12	13	13	4	0	0	0	0	0	0	0	0	0	0	0	0	0	0	2/1086	26/1086
CRK|CRKL	CRK|CRKL	CRK	CRKL	Achilles	0	0	0	0	0	0	1	1	0	1	1	0	0	0	0	0	0	0	0	4	4	13	13	4.62	13	13	4.2	2	2	4	4	0	0	0	0	0	0	0	1	0	0	100/1086	768/1086
GBP3|ATP5F1A	ATP5F1A|GBP3	GBP3	ATP5F1A	Emanuel	0	0	0	0	0	1	0	0	0	0	0	0	0	0	0	1	1	0	0	3	3	2	2	0.34	13	13	8.7	0	0	13	13	0	1	0	0	0	0	0	1	0	0	3/1086	749/1086
ADSS|ADSSL1	ADSS|ADSSL1	ADSS	ADSSL1	paralog	0	0	0	0	0	0	0	1	1	0	0	1	0	1	1	0	1	0	0	6	6	NA	NA	NA	NA	NA	NA	2	2	0	0	NA	NA	NA	NA	NA	NA	NA	NA	NA	NA	NA	NA
EPHA2|PCGF1	EPHA2|PCGF1	EPHA2	PCGF1	Emanuel	0	0	0	0	0	0	0	0	0	0	0	0	0	0	0	0	0	0	0	0	0	13	13	3.87	13	13	5.1	0	0	4	4	0	0	0	0	0	0	0	0	0	0	1/1086	43/1086
SMARCC2|SMARCC1	SMARCC1|SMARCC2	SMARCC2	SMARCC1	paralog	1	0	1	1	1	1	0	1	1	1	1	0	0	1	1	1	1	1	1	15	15	13	13	4.75	13	13	4.99	0	0	0	0	0	0	0	0	0	0	0	0	0	0	15/1086	76/1086
TMEM30A|TMEM30B	TMEM30A|TMEM30B	TMEM30A	TMEM30B	paralog	0	0	0	0	0	0	0	0	0	0	0	0	0	0	0	0	0	0	0	0	0	13	13	4.88	0	0	0	0	0	0	0	0	0	0	0	0	0	0	0	0	0	41/1086	0/1086
RNF40|RNF20	RNF20|RNF40	RNF40	RNF20	paralog	0	0	0	0	0	0	0	0	0	0	0	0	0	0	0	0	0	0	0	0	0	13	13	5.21	13	13	4.08	11	11	6	6	0	1	0	0	1	1	1	1	0	0	611/1086	1006/1086
GATAD2A|NCOR2	GATAD2A|NCOR2	GATAD2A	NCOR2	Achilles	0	0	0	0	0	0	0	0	0	0	0	0	0	0	0	0	0	0	0	0	0	13	13	4.49	13	13	5.29	4	4	0	0	0	0	0	0	0	0	0	0	0	0	320/1086	15/1086
CNOT8|CNOT7	CNOT7|CNOT8	CNOT8	CNOT7	paralog	0	0	1	0	1	1	0	1	1	1	1	0	0	1	1	1	1	1	1	13	13	13	13	4.91	13	13	5.57	0	0	0	0	0	0	0	0	0	0	0	1	0	0	3/1086	614/1086
LSM14B|LSM14A	LSM14A|LSM14B	LSM14B	LSM14A	paralog	0	0	0	0	0	0	0	0	0	0	0	0	0	0	0	0	0	0	0	0	0	13	13	4.61	13	13	5.73	0	0	0	0	0	0	0	0	0	0	0	1	0	0	0/1086	396/1086
RIC8B|RIC8A	RIC8A|RIC8B	RIC8B	RIC8A	paralog	0	0	0	0	0	0	0	0	0	0	1	0	0	0	0	0	0	0	1	2	2	13	13	2.86	13	13	5.26	0	0	16	16	0	0	0	0	0	0	0	0	0	0	0/1086	93/1086
ARSJ|PCGF1	ARSJ|PCGF1	ARSJ	PCGF1	Emanuel	0	0	0	0	0	0	0	0	0	0	0	0	0	0	0	0	0	0	0	0	0	2	2	0.54	13	13	5.1	0	0	4	4	0	0	0	0	0	0	0	0	0	0	0/1086	43/1086
AXL|PCGF1	AXL|PCGF1	AXL	PCGF1	Emanuel	0	0	0	0	0	0	0	0	0	0	0	0	0	0	0	0	0	0	0	0	0	2	2	1.12	13	13	5.1	0	0	4	4	0	0	0	0	0	0	0	0	0	0	6/1086	43/1086
STX7|STX12	STX7|STX12	STX7	STX12	paralog	0	0	1	0	0	0	0	0	0	0	0	0	0	0	0	1	1	1	1	5	5	13	13	5.72	13	13	3.65	0	0	0	0	0	0	0	0	0	0	0	0	0	0	2/1086	3/1086
ATP8B3|MYBL2	ATP8B3|MYBL2	ATP8B3	MYBL2	Emanuel	0	0	0	0	0	0	0	0	0	0	0	0	0	0	0	0	0	0	0	0	0	9	9	1.12	13	13	4.18	0	0	4	4	0	0	0	0	0	1	0	0	0	0	5/1086	568/1086
NMT1|NMT2	NMT1|NMT2	NMT1	NMT2	paralog	0	0	0	0	0	0	0	0	0	0	0	0	0	0	0	0	0	0	0	0	0	13	13	5.36	11	11	2.44	10	10	0	0	1	0	0	0	0	0	1	0	0	0	833/1086	0/1086
BRSK1|BRSK2	BRSK1|BRSK2	BRSK1	BRSK2	paralog	0	0	0	0	0	0	0	0	0	0	0	0	0	0	0	0	0	0	0	0	0	13	13	2.49	5	5	1.25	0	0	0	0	0	0	0	0	0	0	0	0	0	0	1/1086	0/1086
KHSRP|TNPO1	KHSRP|TNPO1	KHSRP	TNPO1	Achilles	0	0	0	0	0	1	0	0	0	0	0	0	0	0	0	0	0	0	0	1	1	13	13	6.76	13	13	6.03	0	0	9	9	0	0	0	0	0	0	0	0	0	0	69/1086	319/1086
ATP6V1B1|ATP6V1B2	ATP6V1B1|ATP6V1B2	ATP6V1B1	ATP6V1B2	paralog	0	0	0	0	0	0	1	1	1	1	1	1	0	0	0	0	0	0	0	6	6	4	4	0.68	13	13	6.58	0	0	19	19	0	0	0	0	0	0	0	1	0	0	2/1086	1060/1086
NDUFC1|NDUFB4	NDUFB4|NDUFC1	NDUFC1	NDUFB4	Achilles	0	0	0	0	0	0	0	0	0	0	0	0	0	0	0	0	0	0	0	0	0	13	13	6.37	13	13	7.79	8	8	13	13	0	0	0	0	0	1	0	1	0	0	257/1086	619/1086
TOMM40|TOMM40L	TOMM40|TOMM40L	TOMM40	TOMM40L	paralog	0	0	0	0	0	1	1	0	0	1	0	0	0	0	0	0	0	0	0	3	3	13	13	5.48	13	13	3.46	17	17	0	0	1	0	0	0	1	0	1	0	0	0	1085/1086	4/1086
BAP1|SF3B1	BAP1|SF3B1	BAP1	SF3B1	Jen Uveal	0	0	0	0	0	1	1	0	0	0	0	1	0	0	0	0	0	0	0	3	3	11	11	4.06	13	13	6.54	10	10	17	17	0	1	0	0	0	1	0	1	0	0	604/1086	1086/1086
TBC1D9|MTHFD1	MTHFD1|TBC1D9	TBC1D9	MTHFD1	Emanuel	0	0	0	0	0	0	0	0	0	0	0	0	0	0	0	0	0	0	0	0	0	13	13	2.33	13	13	5.92	0	0	8	8	0	0	0	0	0	1	0	0	0	0	1/1086	353/1086
RNF113A|RNF113B	RNF113A|RNF113B	RNF113A	RNF113B	paralog	0	0	0	0	0	0	0	0	0	0	0	0	0	0	0	0	0	0	0	0	0	13	13	4.13	0	0	0	13	13	0	0	0	0	0	1	0	0	1	0	0	1	1076/1081	1/1086
SKA1|BUB1B	BUB1B|SKA1	SKA1	BUB1B	Achilles	0	0	0	0	0	0	0	0	0	0	0	1	1	0	0	0	0	0	0	2	2	13	13	3.04	13	13	4.09	4	4	10	10	0	1	0	0	1	1	1	1	0	0	885/1086	1072/1086
CRY2|CRY1	CRY1|CRY2	CRY2	CRY1	Achilles	0	0	0	0	0	0	0	0	0	0	0	0	0	0	0	0	0	0	0	0	0	13	13	1.83	13	13	3.46	0	0	0	0	0	0	0	0	0	0	0	0	0	0	0/1086	5/1086
SAFB2|SFPQ	SAFB2|SFPQ	SAFB2	SFPQ	Achilles	0	0	0	0	0	0	0	0	0	0	0	0	0	0	0	0	0	0	0	0	0	13	13	3.75	13	13	7.25	0	0	15	15	0	0	0	0	0	1	0	1	0	0	7/1086	1086/1086
CAND1|CAND2	CAND1|CAND2	CAND1	CAND2	paralog	0	0	0	0	0	0	0	0	0	0	0	0	0	0	0	0	0	0	0	0	0	13	13	5.3	7	7	1.44	8	8	0	0	0	0	0	0	0	0	0	0	0	0	384/1086	2/1086
G3BP2|G3BP1	G3BP1|G3BP2	G3BP2	G3BP1	paralog	0	0	0	0	0	0	0	1	1	0	0	0	0	0	0	0	0	0	0	2	2	13	13	6.12	13	13	7.15	0	0	0	0	0	0	0	0	0	0	0	0	0	0	20/1086	40/1086
APOBEC3C|PDCD6IP	APOBEC3C|PDCD6IP	APOBEC3C	PDCD6IP	Emanuel	0	0	0	1	1	0	0	0	0	1	0	0	0	0	0	0	0	0	0	3	3	7	7	1.96	13	13	5.7	0	0	9	9	0	0	0	0	0	0	0	0	0	0	0/1086	404/1086
SEC23A|SEC23B	SEC23A|SEC23B	SEC23A	SEC23B	paralog	1	0	1	1	1	1	0	1	1	1	1	0	0	1	1	1	1	1	1	15	15	13	13	4.89	13	13	4.72	0	0	0	0	0	0	0	0	0	0	0	0	0	0	26/1086	26/1086
PTTG1|ANAPC4	ANAPC4|PTTG1	PTTG1	ANAPC4	Achilles	0	0	0	0	0	1	1	0	0	0	0	0	0	0	0	0	0	0	0	2	2	13	13	7.73	13	13	3.76	4	4	2	2	0	1	0	0	0	1	1	1	0	0	653/1086	1085/1086
PPP3CC|PPP2CA	PPP2CA|PPP3CC	PPP3CC	PPP2CA	Achilles	0	0	0	0	0	0	1	0	0	0	0	0	0	0	0	0	0	0	0	1	1	13	13	2.99	13	13	5.49	0	0	10	10	0	1	0	0	0	1	0	1	0	0	0/1086	928/1086
CEACAM1|WDR12	CEACAM1|WDR12	CEACAM1	WDR12	Emanuel	0	0	0	0	0	0	0	0	0	0	0	0	0	0	0	0	0	0	0	0	0	9	9	3.2	13	13	4.81	0	0	12	12	0	1	0	0	0	1	0	1	0	0	0/1086	1084/1086
DUSP10|TUFM	DUSP10|TUFM	DUSP10	TUFM	Emanuel	0	0	0	0	0	0	0	0	1	0	0	0	0	0	0	0	0	0	0	1	1	13	13	2.35	13	13	7.55	0	0	13	13	0	1	0	0	0	1	0	0	0	0	31/1086	199/1086
SPTLC2|ALAS1	ALAS1|SPTLC2	SPTLC2	ALAS1	Achilles	0	0	0	0	0	0	0	0	0	0	0	0	0	0	0	0	0	0	0	0	0	13	13	3.19	13	13	4.78	8	8	0	0	0	0	0	0	0	0	0	0	0	0	112/1086	57/1086
SIK2|STRADA	SIK2|STRADA	SIK2	STRADA	Achilles	0	0	0	0	0	0	0	0	0	0	0	0	0	0	0	0	0	0	0	0	0	13	13	2.43	13	13	4.41	0	0	0	0	0	0	0	0	0	0	0	0	0	0	3/1086	2/1086
TOP1MT|TOP1	TOP1|TOP1MT	TOP1MT	TOP1	paralog	0	0	0	0	0	0	0	0	0	0	0	0	0	0	0	0	0	0	0	0	0	13	13	5.11	13	13	5.43	0	0	8	8	0	1	0	0	0	1	0	1	0	0	8/1086	1076/1086
CDK7|CDK2	CDK2|CDK7	CDK7	CDK2	Achilles	0	0	0	0	0	0	0	0	0	0	0	1	1	0	0	0	0	1	1	4	4	13	13	5.38	13	13	8	13	13	13	13	1	0	0	0	0	0	1	1	0	0	1084/1086	835/1086
MBP|MRPL38	MBP|MRPL38	MBP	MRPL38	Emanuel	0	0	0	0	0	0	0	0	1	0	0	0	0	0	0	0	0	0	0	1	1	13	13	5.56	13	13	5.74	0	0	17	17	0	1	0	0	0	1	0	1	0	0	0/1086	817/1086
TACC3|CKAP5	CKAP5|TACC3	TACC3	CKAP5	Achilles	0	0	1	0	0	1	0	0	1	0	0	1	1	0	0	0	0	1	0	6	6	13	13	4.63	13	13	5.16	8	8	19	19	0	1	0	0	1	1	1	1	0	0	606/1086	1085/1086
PFN1|CFL1	CFL1|PFN1	PFN1	CFL1	Achilles	0	0	0	0	0	0	0	0	1	0	0	0	0	0	0	0	0	0	0	1	1	13	13	9.22	13	13	9.26	6	6	0	0	1	1	0	0	0	0	1	1	0	0	802/1086	763/1086
RAD17|RFC2	RAD17|RFC2	RAD17	RFC2	Achilles	0	0	0	1	1	0	0	0	0	0	0	1	0	0	0	0	0	0	0	3	3	13	13	4.16	13	13	5.4	0	0	17	17	0	1	0	0	0	1	1	1	0	0	1047/1086	1084/1086
RSPH1|ALDOA	ALDOA|RSPH1	RSPH1	ALDOA	Emanuel	0	0	0	1	1	1	1	0	0	0	0	0	0	0	0	0	0	0	1	5	5	0	0	0.34	13	13	10.16	0	0	17	17	0	0	0	0	0	1	0	1	0	0	0/1086	1039/1086
RCBTB1|RCBTB2	RCBTB1|RCBTB2	RCBTB1	RCBTB2	paralog	0	0	0	0	0	0	0	0	0	0	0	0	0	0	0	0	0	0	0	0	0	13	13	3.53	7	7	1.77	0	0	0	0	0	0	0	0	0	0	0	0	0	0	0/1086	4/1086
SIN3B|SIN3A	SIN3A|SIN3B	SIN3B	SIN3A	paralog	0	0	0	0	0	0	0	0	0	0	0	0	0	0	0	0	0	0	0	0	0	13	13	3.47	13	13	3.98	2	2	12	12	0	0	0	0	0	0	0	1	0	0	2/1086	1064/1086
FOSL1|PCGF1	FOSL1|PCGF1	FOSL1	PCGF1	Emanuel	0	0	0	0	0	0	0	0	0	0	0	0	0	0	0	0	0	0	0	0	0	4	4	2.01	13	13	5.1	0	0	4	4	0	0	0	0	0	0	0	0	0	0	410/1086	43/1086
IL6ST|PCGF1	IL6ST|PCGF1	IL6ST	PCGF1	Emanuel	0	0	0	0	0	0	0	0	0	0	0	0	0	0	0	0	0	0	0	0	0	13	13	4.65	13	13	5.1	0	0	4	4	0	0	0	0	0	0	0	0	0	0	11/1086	43/1086
FOXK2|FOXK1	FOXK1|FOXK2	FOXK2	FOXK1	paralog	0	0	1	0	0	0	0	0	0	0	0	0	0	0	1	1	1	1	1	6	6	13	13	4.63	13	13	2.82	0	0	0	0	0	0	0	0	0	0	0	0	0	0	1/1086	166/1086
TBK1|IKBKE	IKBKE|TBK1	TBK1	IKBKE	paralog	0	0	0	0	0	0	0	0	0	0	0	0	0	0	0	0	0	0	0	0	0	13	13	4.69	13	13	2.42	0	0	0	0	0	0	0	0	0	0	0	0	0	0	8/1086	3/1086
EAF1|EAF2	EAF1|EAF2	EAF1	EAF2	paralog	0	0	1	1	1	0	0	0	0	1	1	0	0	1	1	1	1	1	1	11	11	13	13	3.11	9	9	1.38	4	4	0	0	0	0	0	0	0	0	0	0	0	0	495/1086	5/1086
XYLT2|XYLT1	XYLT1|XYLT2	XYLT2	XYLT1	paralog	0	0	0	0	0	0	0	0	0	0	0	0	0	0	0	0	0	0	0	0	0	13	13	3.39	11	11	2.46	0	0	0	0	0	0	0	0	0	0	0	0	0	0	263/1086	0/1086
HMG20B|MTA1	HMG20B|MTA1	HMG20B	MTA1	Achilles	0	0	0	0	0	0	0	0	0	0	0	0	0	0	0	0	0	0	0	0	0	13	13	5.87	13	13	4.28	0	0	0	0	0	0	0	0	0	0	0	0	0	0	0/1086	1/1086
NAPA|NAPB	NAPA|NAPB	NAPA	NAPB	paralog	0	0	0	0	0	0	0	0	0	0	0	0	0	0	0	0	0	0	0	0	0	13	13	5.72	13	13	2.54	4	4	0	0	1	0	0	0	1	0	1	0	0	0	1074/1086	0/1086
PDS5B|PDS5A	PDS5A|PDS5B	PDS5B	PDS5A	paralog	0	0	1	1	1	0	0	1	1	0	0	0	0	1	0	1	1	1	1	10	10	13	13	3.19	13	13	4.43	4	4	6	6	0	0	0	0	0	1	0	0	0	0	35/1086	256/1086
NAA10|NAA11	NAA10|NAA11	NAA10	NAA11	paralog	0	0	0	0	0	1	1	1	1	0	0	0	0	0	1	0	0	0	0	5	5	13	13	5.76	0	0	0.01	17	17	0	0	1	0	0	0	1	0	1	0	0	0	1010/1081	1/1086
CAV1|PCGF1	CAV1|PCGF1	CAV1	PCGF1	Emanuel	0	0	0	0	0	0	0	0	0	0	0	0	0	0	0	0	0	0	0	0	0	13	13	4.07	13	13	5.1	0	0	4	4	0	0	0	0	0	0	0	0	0	0	2/1086	43/1086
CLASP1|CLASP2	CLASP1|CLASP2	CLASP1	CLASP2	paralog	0	0	1	0	0	1	0	0	1	0	0	0	0	0	1	0	0	0	0	4	4	13	13	3.58	13	13	3.94	0	0	0	0	NA	NA	NA	NA	NA	NA	NA	NA	NA	NA	NA	NA
COPG2|COPG1	COPG1|COPG2	COPG2	COPG1	paralog	0	0	0	0	0	0	0	0	0	0	0	0	0	0	0	0	0	1	0	1	1	13	13	4.14	13	13	6.55	0	0	2	2	NA	NA	NA	NA	NA	NA	NA	NA	NA	NA	NA	NA
LARP1B|LARP1	LARP1|LARP1B	LARP1B	LARP1	paralog	0	0	0	0	0	0	0	0	0	0	0	0	0	0	0	0	0	0	0	0	0	13	13	2.97	13	13	6.33	0	0	2	2	0	0	0	0	0	0	0	0	0	0	0/1086	251/1086
MED12L|MED12	MED12|MED12L	MED12L	MED12	paralog	0	0	0	0	0	0	0	0	0	0	0	0	0	0	0	0	0	0	0	0	0	4	4	0.7	13	13	3.49	0	0	11	11	0	1	0	0	0	1	0	0	0	0	0/1086	609/1081
HRAS|KIT	HRAS|KIT	HRAS	KIT	Jen Uveal	0	0	0	0	0	0	0	0	0	0	0	0	0	0	0	0	0	0	0	0	0	13	13	4.27	8	8	3.11	2	2	0	0	0	0	0	0	0	0	0	0	0	0	23/1086	2/1086
ABCC3|ATP5PB	ABCC3|ATP5PB	ABCC3	ATP5PB	Emanuel	0	0	0	0	0	0	0	0	0	0	0	0	0	0	0	0	0	0	0	0	0	2	2	0.66	13	13	7.48	0	0	2	2	0	0	0	0	0	0	0	1	0	0	0/1086	675/1086
CDC34|RNF10	CDC34|RNF10	CDC34	RNF10	Achilles	0	0	0	0	0	0	0	0	0	0	0	0	0	0	0	0	0	0	0	0	0	13	13	4.79	13	13	5.75	0	0	0	0	0	0	0	0	0	0	0	0	0	0	0/1086	14/1086
DGKZ|DGKI	DGKI|DGKZ	DGKZ	DGKI	paralog	0	0	0	0	0	0	0	0	0	0	0	0	0	0	0	0	0	0	0	0	0	13	13	3.92	9	9	1.88	0	0	0	0	0	0	0	0	0	0	0	0	0	0	7/1086	0/1086
KCNT2|KCNT1	KCNT1|KCNT2	KCNT2	KCNT1	paralog	0	0	0	0	0	0	0	0	0	0	0	0	0	0	0	0	0	0	0	0	0	0	0	0.2	0	0	0.02	0	0	0	0	0	0	0	0	0	0	0	0	0	0	0/1086	0/1086
YAF2|RYBP	RYBP|YAF2	YAF2	RYBP	paralog	0	0	0	0	0	0	0	0	0	0	0	0	0	0	0	0	0	0	0	0	0	13	13	3.06	13	13	3.07	0	0	0	0	NA	NA	NA	NA	NA	NA	NA	NA	NA	NA	NA	NA
SKA1|KIF20A	KIF20A|SKA1	SKA1	KIF20A	Achilles	0	0	0	0	0	0	0	0	0	0	0	0	0	0	0	0	0	0	0	0	0	13	13	3.04	13	13	4.14	4	4	4	4	0	0	0	0	1	0	1	1	0	0	885/1086	705/1086
DUSP10|MRPL27	DUSP10|MRPL27	DUSP10	MRPL27	Emanuel	0	0	0	0	0	0	0	0	0	0	0	0	0	0	0	0	0	0	0	0	0	13	13	2.35	13	13	6.99	0	0	2	2	0	0	0	0	0	1	0	1	0	0	31/1086	918/1086
CAT|SOD1	CAT|SOD1	CAT	SOD1	Achilles	0	0	0	1	1	0	0	0	0	0	0	0	0	0	0	0	0	0	0	2	2	13	13	4.19	13	13	8.55	0	0	13	13	0	0	0	0	0	1	0	1	0	0	1/1086	1051/1086
RPL3|RPL3L	RPL3|RPL3L	RPL3	RPL3L	paralog	0	0	0	0	0	1	1	0	0	0	0	0	0	1	1	0	0	0	0	4	4	13	13	11.78	0	0	0.09	17	17	0	0	1	0	0	0	1	0	1	0	0	0	1086/1086	0/1086
FZR1|NAE1	FZR1|NAE1	FZR1	NAE1	Jen Uveal	0	0	0	0	0	0	1	0	0	0	0	0	0	0	0	0	0	0	0	1	1	13	13	3.52	13	13	5.44	4	4	17	17	0	0	0	0	0	1	0	1	0	0	152/1086	889/1086
VPS37A|TSG101	TSG101|VPS37A	VPS37A	TSG101	Achilles	0	0	0	1	0	0	0	1	0	0	0	1	0	0	0	0	0	0	0	3	3	13	13	4.45	13	13	6.08	2	2	8	8	0	0	0	0	0	1	1	1	0	0	765/1086	1078/1086
GLIS3|PCGF1	GLIS3|PCGF1	GLIS3	PCGF1	Emanuel	0	0	0	0	0	0	0	0	0	0	0	0	0	0	0	0	0	0	0	0	0	2	2	0.46	13	13	5.1	0	0	4	4	0	0	0	0	0	0	0	0	0	0	3/1086	43/1086
UBASH3B|PCGF1	PCGF1|UBASH3B	UBASH3B	PCGF1	Emanuel	0	0	0	0	0	0	0	0	0	0	0	0	0	0	0	0	0	0	0	0	0	9	9	2.12	13	13	5.1	0	0	4	4	0	0	0	0	0	0	0	0	0	0	0/1086	43/1086
YIF1B|YIF1A	YIF1A|YIF1B	YIF1B	YIF1A	paralog	0	0	1	0	0	0	0	0	0	0	0	0	0	0	0	0	0	0	0	1	1	13	13	5.51	13	13	5.96	0	0	2	2	0	0	0	0	0	0	0	0	0	0	0/1086	34/1086
TUBB2A|TUBB4B	TUBB2A|TUBB4B	TUBB2A	TUBB4B	Achilles	0	0	0	0	0	1	1	0	0	0	0	0	0	0	0	0	0	0	0	2	2	13	13	4.86	13	13	6.77	0	0	4	4	0	0	0	0	0	0	0	0	0	0	1/1086	339/1086
SAMD4A|SAMD4B	SAMD4A|SAMD4B	SAMD4A	SAMD4B	paralog	0	0	0	0	0	0	0	0	0	0	0	0	0	0	0	0	0	0	0	0	0	13	13	3.79	13	13	5.71	0	0	0	0	0	0	0	0	0	1	0	0	0	0	20/1086	242/1086
CTSZ|COX6B1	COX6B1|CTSZ	CTSZ	COX6B1	Emanuel	0	0	0	0	0	0	0	0	0	0	0	0	0	0	0	0	0	0	0	0	0	13	13	8.22	13	13	9.72	0	0	13	13	0	1	0	0	0	1	0	1	0	0	1/1086	611/1086
COPZ1|COPZ2	COPZ1|COPZ2	COPZ1	COPZ2	paralog	0	0	0	0	0	0	0	0	0	0	0	0	0	0	0	0	0	0	0	0	0	13	13	7.69	9	9	2.15	2	2	0	0	NA	NA	NA	NA	NA	NA	NA	NA	NA	NA	NA	NA
VMP1|INTS2	INTS2|VMP1	VMP1	INTS2	Emanuel	0	0	0	0	0	0	0	0	0	0	0	0	0	0	0	0	0	0	1	1	1	13	13	6.46	13	13	3.07	15	15	10	10	0	0	0	0	1	1	1	1	0	0	1061/1086	1073/1086
IL10RA|IL6R	IL6R|IL10RA	IL10RA	IL6R	Achilles	0	0	0	0	0	0	0	0	0	0	0	0	0	0	0	0	0	0	0	0	0	0	0	0.02	13	13	2.79	0	0	0	0	0	0	0	0	0	0	0	0	0	0	4/1086	1/1086
DUSP10|TAMM41	DUSP10|TAMM41	DUSP10	TAMM41	Emanuel	0	0	0	0	0	0	0	0	0	0	0	0	0	0	0	0	0	0	0	0	0	13	13	2.35	13	13	3.2	0	0	9	9	0	0	0	0	0	0	0	1	0	0	31/1086	905/1086
MT2A|FDPS	FDPS|MT2A	MT2A	FDPS	Emanuel	0	0	0	0	0	0	0	0	0	0	0	0	0	0	0	0	0	0	0	0	0	13	13	6.41	13	13	7.62	0	0	4	4	NA	NA	NA	NA	NA	NA	NA	NA	NA	NA	NA	NA
CKAP5|KIF11	CKAP5|KIF11	CKAP5	KIF11	Achilles	0	0	0	0	0	0	0	0	0	0	0	1	1	0	0	0	0	0	0	2	2	13	13	5.16	13	13	3.67	19	19	17	17	1	1	0	0	1	1	1	1	0	0	1085/1086	1085/1086
PRPF8|SF3B3	PRPF8|SF3B3	PRPF8	SF3B3	Achilles	0	0	0	0	0	0	0	0	0	0	0	1	1	0	0	0	0	0	0	2	2	13	13	6.48	13	13	5.56	17	17	19	19	1	1	0	0	1	1	1	1	0	0	1086/1086	1086/1086
ILF3|SFPQ	ILF3|SFPQ	ILF3	SFPQ	Achilles	0	0	0	0	0	0	0	0	0	0	0	1	1	0	0	0	0	0	0	2	2	13	13	6.47	13	13	7.25	13	13	15	15	1	0	0	0	1	1	1	1	0	0	1030/1086	1086/1086
TLN2|TLN1	TLN1|TLN2	TLN2	TLN1	paralog	0	0	1	1	0	0	0	1	1	0	0	0	0	1	1	1	1	1	1	10	10	11	11	1.92	13	13	5.52	0	0	6	6	0	0	0	0	0	0	0	0	0	0	0/1086	564/1086
IQCA1|IQCA1L	IQCA1|IQCA1L	IQCA1	IQCA1L	paralog	0	0	0	0	0	0	0	0	0	0	0	0	0	0	0	0	0	0	0	0	0	0	0	0.02	0	0	0	0	0	0	0	NA	NA	NA	NA	NA	NA	NA	NA	NA	NA	NA	NA
EPC1|EPC2	EPC1|EPC2	EPC1	EPC2	Achilles	0	0	1	0	0	1	0	0	0	0	0	0	0	0	0	0	0	1	1	4	4	13	13	2.89	13	13	3.47	0	0	4	4	0	0	0	0	0	0	0	0	0	0	184/1086	225/1086
RHOT1|RHOT2	RHOT1|RHOT2	RHOT1	RHOT2	paralog	0	0	1	0	0	0	0	0	1	1	1	0	0	0	1	1	1	0	1	8	8	13	13	4.34	13	13	4.9	0	0	2	2	0	0	0	0	0	0	0	0	0	0	39/1086	8/1086
SHMT1|SHMT2	SHMT1|SHMT2	SHMT1	SHMT2	paralog	0	0	0	0	0	0	0	1	1	0	0	0	0	0	0	0	0	0	0	2	2	13	13	3.68	13	13	8.43	2	2	0	0	0	0	0	0	0	0	0	0	0	0	5/1086	18/1086
INCENP|ZWILCH	INCENP|ZWILCH	INCENP	ZWILCH	Achilles	0	0	0	0	0	0	0	0	1	0	0	0	0	0	0	0	0	0	0	1	1	13	13	4.18	13	13	3.74	4	4	0	0	0	0	0	0	1	0	1	0	0	0	1083/1086	118/1086
VPS26B|VPS26A	VPS26A|VPS26B	VPS26B	VPS26A	paralog	0	0	0	0	0	0	0	0	0	0	0	0	0	0	0	1	1	1	1	4	4	13	13	3.57	13	13	5.65	0	0	0	0	0	0	0	0	0	0	0	0	0	0	0/1086	191/1086
SP110|ASCL1	ASCL1|SP110	SP110	ASCL1	Emanuel	0	0	0	0	0	0	0	0	0	0	0	0	0	0	0	0	0	0	0	0	0	13	13	3.13	0	0	0.22	0	0	0	0	0	0	0	0	0	0	0	0	0	0	11/1086	16/1086
RRM1|TYMS	RRM1|TYMS	RRM1	TYMS	Achilles	0	0	0	0	0	1	1	1	0	1	1	1	1	1	1	1	0	1	1	12	12	13	13	5.01	13	13	6.61	19	19	0	0	1	0	0	0	1	0	1	0	0	0	1085/1086	549/1086
YIPF5|YIPF7	YIPF5|YIPF7	YIPF5	YIPF7	paralog	0	0	0	0	0	0	0	0	0	0	0	0	0	0	0	0	0	0	0	0	0	13	13	4.8	0	0	0.08	0	0	0	0	0	0	0	0	0	0	0	0	0	0	120/1086	0/1086
ANXA1|PCGF1	ANXA1|PCGF1	ANXA1	PCGF1	Emanuel	0	0	0	0	0	0	0	0	0	0	0	0	0	0	0	0	0	0	0	0	0	13	13	6.04	13	13	5.1	0	0	4	4	0	0	0	0	0	0	0	0	0	0	1/1086	43/1086
PSMB8|TUFM	PSMB8|TUFM	PSMB8	TUFM	Emanuel	0	0	0	0	0	0	0	0	0	0	0	0	0	0	0	0	0	0	0	0	0	8	8	2.21	13	13	7.55	0	0	13	13	0	1	0	0	0	1	0	0	0	0	2/1086	199/1086
LONP1|AFG3L2	AFG3L2|LONP1	LONP1	AFG3L2	Achilles	0	0	0	0	0	0	0	0	0	0	0	1	0	0	0	0	0	0	0	1	1	13	13	6.16	13	13	5.48	17	17	7	7	1	0	0	0	1	1	1	1	0	0	1047/1086	1069/1086
XPO7|RANBP17	RANBP17|XPO7	XPO7	RANBP17	paralog	0	0	0	0	0	0	0	0	0	0	0	0	0	0	0	0	0	0	0	0	0	13	13	4.77	13	13	1.99	0	0	0	0	0	0	0	0	0	0	0	0	0	0	2/1086	0/1086
DNAJC15|DNAJC19	DNAJC15|DNAJC19	DNAJC15	DNAJC19	Emanuel	0	0	0	0	0	0	0	0	0	0	0	0	0	0	0	1	1	0	0	2	2	10	10	2.88	13	13	5.35	0	0	0	0	0	0	0	0	0	0	0	0	0	0	0/1086	337/1086
ACTL6B|ACTL6A	ACTL6A|ACTL6B	ACTL6B	ACTL6A	paralog	0	0	0	1	1	0	0	0	0	0	0	0	0	0	0	0	0	0	0	2	2	0	0	0	13	13	5.98	0	0	15	15	0	1	0	0	0	1	0	1	0	0	1/1086	1079/1086
CLDN4|TIMM10	CLDN4|TIMM10	CLDN4	TIMM10	Emanuel	0	0	0	1	0	1	1	0	0	1	0	0	0	0	1	0	0	0	0	5	5	2	2	0.4	13	13	6.7	0	0	17	17	0	1	0	0	0	1	0	1	0	0	0/1086	1030/1086
STT3B|STT3A	STT3A|STT3B	STT3B	STT3A	paralog	1	0	1	0	0	1	1	1	1	0	0	0	0	1	1	1	0	1	1	11	11	13	13	6.26	13	13	6.54	8	8	2	2	0	0	0	0	0	0	0	0	0	0	39/1086	192/1086
TUBB2B|TUBB4B	TUBB2B|TUBB4B	TUBB2B	TUBB4B	Achilles	0	0	0	0	0	1	0	0	0	0	0	0	0	0	0	0	0	0	0	1	1	7	7	2.36	13	13	6.77	0	0	4	4	0	0	0	0	0	0	0	0	0	0	2/1086	339/1086
GSDMD|FARS2	FARS2|GSDMD	GSDMD	FARS2	Emanuel	0	0	0	0	0	0	0	0	0	0	0	0	0	0	0	0	0	0	0	0	0	7	7	2.5	13	13	3.77	2	2	8	8	0	1	0	0	0	0	0	0	0	0	44/1086	565/1086
BICD1|BICD2	BICD1|BICD2	BICD1	BICD2	paralog	0	0	0	0	0	0	0	0	0	0	0	0	0	0	0	0	0	0	0	0	0	11	11	3.1	13	13	3.25	0	0	0	0	0	0	0	0	0	0	0	0	0	0	7/1086	21/1086
DUSP10|MTG2	DUSP10|MTG2	DUSP10	MTG2	Emanuel	0	0	0	0	0	0	0	0	1	0	1	0	0	0	1	0	0	0	0	3	3	13	13	2.35	13	13	4.23	0	0	17	17	0	1	0	0	0	0	0	1	0	0	31/1086	634/1086
TTC7A|TTC7B	TTC7A|TTC7B	TTC7A	TTC7B	paralog	1	0	0	0	0	0	0	0	0	0	0	0	0	1	1	0	0	0	0	3	3	13	13	2	13	13	4.69	0	0	0	0	0	0	0	0	0	0	0	0	0	0	129/1086	4/1086
CCT6B|CCT6A	CCT6A|CCT6B	CCT6B	CCT6A	paralog	0	0	0	0	0	1	0	0	0	0	0	0	0	0	0	0	1	1	1	4	4	4	4	0.91	13	13	7.56	0	0	15	15	0	1	0	0	0	1	0	1	0	0	1/1086	1085/1086
MCPH1|H2AFX	H2AFX|MCPH1	MCPH1	H2AFX	Achilles	0	0	0	0	0	0	0	0	0	0	0	0	0	0	0	0	0	0	0	0	0	13	13	2.81	NA	NA	NA	0	0	0	0	NA	NA	NA	NA	NA	NA	NA	NA	NA	NA	NA	NA
NAE1|RRM2B	NAE1|RRM2B	NAE1	RRM2B	Jen Uveal	0	0	0	0	0	1	1	0	1	0	0	0	0	0	0	0	0	0	0	3	3	13	13	5.44	13	13	4.68	17	17	8	8	0	0	0	0	1	0	1	0	0	0	889/1086	3/1086
RNF38|RNF44	RNF38|RNF44	RNF38	RNF44	paralog	0	0	0	0	0	0	0	0	0	0	0	0	0	0	0	0	0	0	0	0	0	13	13	2.63	13	13	3.82	0	0	0	0	0	0	0	0	0	0	0	0	0	0	4/1086	4/1086
ZMIZ1|ZMIZ2	ZMIZ1|ZMIZ2	ZMIZ1	ZMIZ2	paralog	0	0	0	0	0	0	0	0	0	0	0	0	0	0	0	0	0	0	0	0	0	13	13	3.88	13	13	3.46	0	0	0	0	0	0	0	0	0	0	0	0	0	0	52/1086	2/1086
OSMR|PCGF1	OSMR|PCGF1	OSMR	PCGF1	Emanuel	0	0	0	0	0	0	0	0	0	0	0	0	0	0	0	0	0	0	0	0	0	5	5	1.44	13	13	5.1	0	0	4	4	0	0	0	0	0	0	0	0	0	0	0/1086	43/1086
RB1|E2F3	E2F3|RB1	RB1	E2F3	Achilles	0	0	0	0	0	0	0	0	0	0	0	0	0	0	0	0	0	0	0	0	0	13	13	3.43	13	13	4.36	0	0	10	10	0	0	0	0	0	0	0	0	0	0	0/1086	235/1086
CCNE1|CCNE2	CCNE1|CCNE2	CCNE1	CCNE2	paralog	0	0	0	1	1	0	0	0	0	0	0	0	0	0	0	0	0	0	0	2	2	13	13	2.59	11	11	2.86	0	0	0	0	0	0	0	0	0	0	0	0	0	0	100/1086	25/1086
S100A6|ATP5PB	ATP5PB|S100A6	S100A6	ATP5PB	Emanuel	0	0	0	0	0	0	0	0	0	0	0	0	0	0	0	0	0	0	0	0	0	9	9	4.76	13	13	7.48	0	0	2	2	0	0	0	0	0	0	0	1	0	0	3/1086	675/1086
ATAD2B|ATAD2	ATAD2|ATAD2B	ATAD2B	ATAD2	paralog	0	0	0	0	0	0	0	0	0	0	0	0	0	0	0	0	0	0	0	0	0	13	13	1.87	13	13	4.43	0	0	0	0	0	0	0	0	0	0	0	0	0	0	0/1086	72/1086
SAMD9|PCGF1	PCGF1|SAMD9	SAMD9	PCGF1	Emanuel	0	0	0	0	0	0	0	0	0	0	0	0	0	0	0	0	0	0	0	0	0	9	9	1.32	13	13	5.1	0	0	4	4	0	0	0	0	0	0	0	0	0	0	0/1086	43/1086
XRCC4|XRCC6	XRCC4|XRCC6	XRCC4	XRCC6	Achilles	0	0	0	0	0	0	0	0	0	1	1	0	0	0	0	0	0	0	0	2	2	13	13	3.93	13	13	8.09	0	0	8	8	0	1	0	0	0	1	0	1	0	0	39/1086	1086/1086
PACS1|PACS2	PACS1|PACS2	PACS1	PACS2	paralog	0	0	0	0	0	0	0	0	0	0	0	0	0	0	0	0	0	0	0	0	0	13	13	3.9	13	13	3.32	2	2	0	0	0	0	0	0	0	0	0	0	0	0	24/1086	10/1086
APH1A|APH1B	APH1A|APH1B	APH1A	APH1B	paralog	0	0	0	0	0	0	0	1	1	0	0	0	0	0	0	0	0	0	1	3	3	13	13	6.84	10	10	1.76	0	0	0	0	0	0	0	0	0	0	0	0	0	0	7/1086	3/1086
BTG1|NAE1	BTG1|NAE1	BTG1	NAE1	Jen Uveal	0	0	0	0	0	0	1	0	0	0	0	0	0	0	0	0	0	0	0	1	1	13	13	5.39	13	13	5.44	0	0	17	17	0	0	0	0	0	1	0	1	0	0	19/1086	889/1086
BRD8|TRRAP	BRD8|TRRAP	BRD8	TRRAP	Achilles	0	0	0	0	0	0	0	0	0	0	0	0	0	0	0	0	0	0	0	0	0	13	13	5.35	13	13	3.24	0	0	11	11	0	1	0	0	1	1	1	1	0	0	801/1086	1085/1086
TSTD1|HSCB	HSCB|TSTD1	TSTD1	HSCB	Emanuel	0	0	0	0	0	1	0	0	1	0	0	0	0	0	0	0	0	0	1	3	3	2	2	0.98	13	13	4.37	0	0	17	17	0	0	0	0	0	1	0	1	0	0	4/1086	810/1086
FNIP2|FNIP1	FNIP1|FNIP2	FNIP2	FNIP1	paralog	0	0	0	0	0	0	0	0	0	0	0	0	0	0	0	0	0	0	0	0	0	13	13	4.35	13	13	3.47	0	0	0	0	0	0	0	0	0	0	0	0	0	0	0/1086	11/1086
PAPSS1|PAPSS2	PAPSS1|PAPSS2	PAPSS1	PAPSS2	paralog	0	0	0	0	0	0	0	0	0	0	0	0	0	0	0	0	0	0	0	0	0	13	13	4.73	6	6	2.3	0	0	0	0	0	0	0	0	0	0	0	0	0	0	0/1086	0/1086
GIT1|GIT2	GIT1|GIT2	GIT1	GIT2	paralog	0	0	0	0	0	1	1	0	0	0	0	0	0	0	0	0	0	0	0	2	2	13	13	4.92	13	13	3.51	0	0	0	0	0	0	0	0	0	0	0	0	0	0	19/1086	5/1086
EGFR|ERBB3	EGFR|ERBB3	EGFR	ERBB3	Jen Uveal	0	0	0	0	0	0	0	0	0	0	0	0	0	0	0	0	0	0	0	0	0	2	2	0.92	11	11	4.27	0	0	2	2	0	0	0	0	0	0	0	0	0	0	245/1086	110/1086
AP1G1|AP1G2	AP1G1|AP1G2	AP1G1	AP1G2	paralog	0	0	0	0	0	0	0	0	0	0	0	0	0	0	0	0	0	0	0	0	0	13	13	4.04	11	11	3.28	0	0	0	0	0	0	0	0	0	0	0	0	0	0	87/1086	67/1086
LIF|ATP5F1B	ATP5F1B|LIF	LIF	ATP5F1B	Emanuel	0	0	0	0	0	0	0	0	0	0	0	0	0	0	0	1	1	0	0	2	2	2	2	0.72	13	13	9.47	0	0	15	15	0	1	0	0	0	0	0	1	0	0	6/1086	905/1086
MTMR3|MTMR4	MTMR3|MTMR4	MTMR3	MTMR4	paralog	0	0	0	0	0	0	0	1	1	0	0	0	0	0	0	1	1	0	0	4	4	13	13	2.93	13	13	3.97	0	0	0	0	0	0	0	0	0	0	0	0	0	0	4/1086	46/1086
DYNLRB1|DYNLRB2	DYNLRB1|DYNLRB2	DYNLRB1	DYNLRB2	paralog	0	0	0	0	0	1	1	1	1	0	0	0	0	0	0	0	0	0	1	5	5	13	13	7.88	2	2	0.3	19	19	0	0	0	0	0	0	1	0	1	0	0	0	1077/1086	0/1086
WAS|WASL	WAS|WASL	WAS	WASL	paralog	0	0	0	0	0	0	0	0	0	0	0	0	0	0	0	0	0	0	0	0	0	0	0	0.21	13	13	4.71	0	0	4	4	0	0	0	0	0	0	0	0	0	0	11/1081	24/1086
ZNF34|TTC23	TTC23|ZNF34	ZNF34	TTC23	Achilles	0	0	0	0	0	0	0	0	0	0	0	0	0	0	0	0	0	0	0	0	0	13	13	2.2	13	13	3.27	0	0	0	0	0	0	0	0	0	0	0	0	0	0	2/1086	0/1086
IPO5|RANBP6	IPO5|RANBP6	IPO5	RANBP6	paralog	0	0	0	0	0	0	0	0	0	0	0	0	0	0	0	0	0	0	0	0	0	13	13	5.81	13	13	3.17	0	0	0	0	0	0	0	0	0	0	0	0	0	0	100/1086	2/1086
PSEN1|PSEN2	PSEN1|PSEN2	PSEN1	PSEN2	paralog	0	0	1	0	0	0	0	0	0	0	0	0	0	0	0	0	0	0	0	1	1	13	13	4.75	13	13	4.44	0	0	0	0	0	0	0	0	0	0	0	0	0	0	10/1086	0/1086
CAVIN1|PCGF1	CAVIN1|PCGF1	CAVIN1	PCGF1	Emanuel	0	0	0	0	0	0	0	0	0	0	0	0	0	0	0	0	0	0	0	0	0	8	8	1.93	13	13	5.1	0	0	4	4	0	0	0	0	0	0	0	0	0	0	1/1086	43/1086
FRS3|FRS2	FRS2|FRS3	FRS3	FRS2	paralog	0	0	0	0	0	0	0	0	0	0	0	0	0	0	0	0	0	0	0	0	0	13	13	1.71	13	13	2.76	0	0	0	0	0	0	0	0	0	0	0	0	0	0	14/1086	61/1086
ADAP1|ADAP2	ADAP1|ADAP2	ADAP1	ADAP2	paralog	0	0	0	0	0	0	0	0	0	0	0	0	0	0	0	0	0	0	0	0	0	8	8	1.06	2	2	0.43	0	0	0	0	0	0	0	0	0	0	0	0	0	0	0/1086	16/1086
GRHL3|GRHL2	GRHL2|GRHL3	GRHL3	GRHL2	Achilles	0	0	0	0	0	0	0	0	0	0	0	0	0	0	0	0	0	0	0	0	0	0	0	0.1	0	0	0	0	0	0	0	0	0	0	0	0	0	0	0	0	0	0/1086	92/1086
RUNX1|MTG2	MTG2|RUNX1	RUNX1	MTG2	Emanuel	0	0	0	0	0	0	0	0	0	0	0	0	0	0	0	0	0	0	0	0	0	6	6	1.45	13	13	4.23	0	0	17	17	0	1	0	0	0	0	0	1	0	0	56/1086	634/1086
SPAG9|MAPK8IP3	MAPK8IP3|SPAG9	SPAG9	MAPK8IP3	paralog	0	0	0	0	0	0	0	0	0	0	0	0	0	0	0	0	0	0	0	0	0	13	13	5.48	13	13	3.21	3	3	0	0	0	0	0	0	0	0	0	0	0	0	82/1086	5/1086
PRKAB1|PRKAB2	PRKAB1|PRKAB2	PRKAB1	PRKAB2	paralog	0	0	0	0	0	0	0	0	0	0	0	0	0	0	0	0	0	0	0	0	0	13	13	3.66	13	13	3.88	0	0	0	0	0	0	0	0	0	0	0	0	0	0	3/1086	2/1086
ATP6V1D|ATP6V1C2	ATP6V1C2|ATP6V1D	ATP6V1D	ATP6V1C2	Achilles	0	0	0	0	0	0	0	0	0	0	0	0	0	0	0	0	0	0	0	0	0	13	13	6.49	3	3	0.92	14	14	0	0	1	0	0	0	1	0	1	0	0	0	1077/1086	0/1086
FANCM|FANCF	FANCF|FANCM	FANCM	FANCF	Achilles	0	0	0	0	0	0	0	0	0	0	0	0	0	0	0	0	0	0	0	0	0	13	13	1.96	13	13	2.94	0	0	2	2	0	0	0	0	0	0	0	0	0	0	318/1086	113/1086
SNRPB2|SF3A1	SF3A1|SNRPB2	SNRPB2	SF3A1	Achilles	0	0	0	0	0	0	0	0	0	0	0	0	0	0	0	0	0	0	0	0	0	13	13	5.97	13	13	5.01	2	2	13	13	0	0	0	0	0	1	1	1	0	0	742/1086	1086/1086
TGFBR2|GFM1	GFM1|TGFBR2	TGFBR2	GFM1	Emanuel	0	0	0	0	0	0	0	0	0	0	0	0	0	0	0	0	0	0	0	0	0	13	13	3.05	13	13	5.21	0	0	8	8	0	1	0	0	0	1	0	1	0	0	19/1086	608/1086
CLTA|KIT	CLTA|KIT	CLTA	KIT	Jen Uveal	0	0	0	0	0	0	0	0	0	0	0	0	0	0	0	0	0	0	0	0	0	13	13	6.91	8	8	3.11	0	0	0	0	0	0	0	0	0	0	0	0	0	0	11/1086	2/1086
TOMM22|TOMM40	TOMM22|TOMM40	TOMM22	TOMM40	Achilles	0	0	0	0	0	0	1	0	0	0	0	0	0	0	0	0	0	0	0	1	1	13	13	5.84	13	13	5.48	12	12	17	17	1	1	0	0	1	1	1	1	0	0	1077/1086	1085/1086
CD44|MRPL55	CD44|MRPL55	CD44	MRPL55	Emanuel	0	0	0	0	0	0	0	0	0	0	0	0	0	0	0	0	0	0	0	0	0	13	13	8.38	13	13	5.73	0	0	0	0	0	0	0	0	0	0	0	1	0	0	15/1086	786/1086
PTPN6|PTPN11	PTPN6|PTPN11	PTPN6	PTPN11	paralog	0	0	0	0	0	1	0	0	0	0	0	0	0	0	0	0	0	0	0	1	1	0	0	0.3	13	13	5.45	0	0	4	4	0	0	0	0	0	0	0	1	0	0	1/1086	827/1086
SBF1|SBF2	SBF1|SBF2	SBF1	SBF2	paralog	0	0	0	0	0	0	0	0	0	0	0	0	0	0	0	0	0	0	0	0	0	13	13	4.14	13	13	3.51	0	0	0	0	0	0	0	0	0	0	0	0	0	0	0/1086	0/1086
FAM50B|FAM50A	FAM50A|FAM50B	FAM50B	FAM50A	Emanuel	0	0	1	0	0	0	0	0	0	0	0	0	0	1	1	0	0	0	0	3	3	6	6	1.6	13	13	6.24	0	0	4	4	0	0	0	0	0	1	0	0	0	0	4/1086	549/1081
PRPF8|SF3B2	PRPF8|SF3B2	PRPF8	SF3B2	Achilles	0	0	0	0	0	0	1	0	0	0	0	1	1	0	1	0	0	0	0	4	4	13	13	6.48	13	13	6.91	17	17	17	17	1	1	0	0	1	1	1	1	0	0	1086/1086	1086/1086
TBC1D28|TBC1D26	TBC1D26|TBC1D28	TBC1D28	TBC1D26	paralog	0	0	0	0	0	0	0	0	0	0	0	0	0	0	0	0	0	0	0	0	0	0	0	0	0	0	0.02	0	0	0	0	0	0	0	0	0	0	0	0	0	0	142/1086	0/1086
CD72|FCRL3	CD72|FCRL3	CD72	FCRL3	Achilles	0	0	0	0	0	0	0	0	0	0	0	0	0	0	0	0	0	0	0	0	0	3	3	0.52	0	0	0.02	0	0	0	0	0	0	0	0	0	0	0	0	0	0	0/1086	1/1086
USP13|USP5	USP5|USP13	USP13	USP5	paralog	0	0	0	0	0	0	0	0	0	0	0	0	0	0	0	0	0	0	0	0	0	13	13	3.68	13	13	5.43	0	0	6	6	0	1	0	0	0	1	0	1	0	0	0/1086	1084/1086
ERBB3|MYC	ERBB3|MYC	ERBB3	MYC	Jen Uveal	0	0	0	0	0	1	1	0	0	0	1	0	0	0	1	0	0	0	0	4	4	11	11	4.27	13	13	6.98	2	2	19	19	0	1	0	0	0	0	0	1	0	0	110/1086	1037/1086
S1PR4|RGS19	RGS19|S1PR4	S1PR4	RGS19	Achilles	0	0	0	0	0	0	0	0	0	0	0	0	0	0	0	0	0	0	0	0	0	0	0	0.01	13	13	2.56	0	0	0	0	0	0	0	0	0	0	0	0	0	0	0/1086	4/1086
SPTLC2|SPTLC3	SPTLC2|SPTLC3	SPTLC2	SPTLC3	paralog	0	0	0	0	0	0	0	0	0	0	0	0	0	0	0	0	0	0	0	0	0	13	13	3.19	7	7	1.4	8	8	0	0	0	0	0	0	0	0	0	0	0	0	112/1086	0/1086
STRIP2|STRIP1	STRIP1|STRIP2	STRIP2	STRIP1	paralog	0	0	0	0	0	0	0	0	0	0	0	0	0	0	0	0	0	0	0	0	0	13	13	1.87	13	13	3.74	0	0	0	0	0	0	0	0	0	1	0	0	0	0	0/1086	382/1086
ARPC5L|ARPC5	ARPC5|ARPC5L	ARPC5L	ARPC5	paralog	0	0	1	0	0	1	0	0	0	0	0	0	0	0	1	1	1	1	0	6	6	13	13	4.53	13	13	6.2	0	0	0	0	0	0	0	0	0	0	0	0	0	0	0/1086	53/1086
TOMM20|TOMM20L	TOMM20|TOMM20L	TOMM20	TOMM20L	Jen Uveal	0	0	0	0	0	0	0	0	0	0	0	0	0	0	0	0	0	0	0	0	0	13	13	7.48	0	0	0.17	0	0	0	0	0	0	0	0	0	0	1	0	0	0	1048/1086	1/1086
VPS37A|STAM	STAM|VPS37A	VPS37A	STAM	Achilles	0	0	0	0	0	0	0	0	0	0	0	0	0	0	0	0	0	0	0	0	0	13	13	4.45	13	13	4.41	2	2	0	0	0	0	0	0	0	0	1	0	0	0	765/1086	2/1086
FKBP9|FKBP10	FKBP9|FKBP10	FKBP9	FKBP10	paralog	0	0	0	0	0	0	0	0	0	0	0	0	0	0	0	0	0	0	0	0	0	13	13	6.18	13	13	5.76	0	0	0	0	0	0	0	0	0	0	0	0	0	0	15/1086	8/1086
CYFIP2|CYFIP1	CYFIP1|CYFIP2	CYFIP2	CYFIP1	paralog	0	0	0	0	0	0	0	0	0	0	0	0	0	0	0	0	0	0	0	0	0	13	13	3.92	13	13	4.54	0	0	0	0	NA	NA	NA	NA	NA	NA	NA	NA	NA	NA	NA	NA
SMARCA4|SMARCA2	SMARCA2|SMARCA4	SMARCA4	SMARCA2	Emanuel	0	0	0	0	0	1	0	1	0	0	0	0	0	0	0	1	1	0	0	4	4	13	13	5.55	13	13	4.64	11	11	0	0	0	0	0	0	0	0	0	0	0	0	326/1086	38/1086
BAP1|NAE1	BAP1|NAE1	BAP1	NAE1	Jen Uveal	0	0	0	0	0	0	1	0	0	0	0	0	0	0	0	0	0	0	0	1	1	11	11	4.06	13	13	5.44	10	10	17	17	0	0	0	0	0	1	0	1	0	0	604/1086	889/1086
RSPH1|GAPDH	GAPDH|RSPH1	RSPH1	GAPDH	Emanuel	0	0	0	1	0	0	0	0	0	0	0	0	0	0	0	0	0	0	0	1	1	0	0	0.34	13	13	11.98	0	0	15	15	0	1	0	0	0	1	0	1	0	0	0/1086	1079/1086
KCNMB3|WRN	KCNMB3|WRN	KCNMB3	WRN	Emanuel	0	0	0	0	0	0	0	0	1	0	0	0	0	0	0	0	0	0	0	1	1	2	2	0.74	13	13	2.93	0	0	2	2	0	0	0	0	0	0	0	0	0	0	0/1086	73/1086
LDB1|LDB2	LDB1|LDB2	LDB1	LDB2	paralog	0	0	0	0	0	0	0	0	0	0	0	0	0	0	0	0	0	0	0	0	0	13	13	5.23	5	5	0.76	2	2	0	0	0	0	0	0	0	0	0	0	0	0	160/1086	1/1086
EPHA2|ATP5F1B	ATP5F1B|EPHA2	EPHA2	ATP5F1B	Emanuel	0	0	0	0	0	0	0	0	1	0	0	0	0	0	0	1	1	0	0	3	3	13	13	3.87	13	13	9.47	0	0	15	15	0	1	0	0	0	0	0	1	0	0	1/1086	905/1086
PLXDC1|FBLN1	FBLN1|PLXDC1	PLXDC1	FBLN1	Achilles	0	0	0	0	0	0	0	0	0	0	0	0	0	0	0	0	0	0	0	0	0	6	6	0.95	11	11	4.04	0	0	0	0	0	0	0	0	0	0	0	0	0	0	3/1086	0/1086
TGFBR2|MRPL55	MRPL55|TGFBR2	TGFBR2	MRPL55	Emanuel	0	0	0	0	0	0	0	0	0	0	0	0	0	0	0	0	0	0	0	0	0	13	13	3.05	13	13	5.73	0	0	0	0	0	0	0	0	0	0	0	1	0	0	19/1086	786/1086
GABPB1|GABPB2	GABPB1|GABPB2	GABPB1	GABPB2	paralog	0	0	0	0	0	0	0	0	0	0	0	0	0	0	0	0	0	0	0	0	0	13	13	3.78	13	13	1.78	0	0	0	0	0	0	0	0	0	0	1	0	0	0	742/1086	26/1086
SAMD9|ATP5F1B	ATP5F1B|SAMD9	SAMD9	ATP5F1B	Emanuel	0	0	0	0	0	1	0	0	0	0	0	0	0	0	0	1	1	0	0	3	3	9	9	1.32	13	13	9.47	0	0	15	15	0	1	0	0	0	0	0	1	0	0	0/1086	905/1086
SOX9|MRPL55	MRPL55|SOX9	SOX9	MRPL55	Emanuel	0	0	0	0	0	0	0	0	0	0	0	0	0	0	0	0	0	0	0	0	0	5	5	1.13	13	13	5.73	2	2	0	0	0	0	0	0	0	0	0	1	0	0	183/1086	786/1086
ESRP2|ESRP1	ESRP1|ESRP2	ESRP2	ESRP1	paralog	0	0	0	0	0	0	0	0	0	0	0	0	0	0	0	0	0	0	0	0	0	0	0	0.18	11	11	4.11	0	0	0	0	0	0	0	0	0	0	0	0	0	0	5/1086	9/1086
RSBN1|RSBN1L	RSBN1|RSBN1L	RSBN1	RSBN1L	paralog	0	0	0	1	1	0	0	0	0	0	0	0	0	0	0	0	0	0	0	2	2	13	13	1.75	13	13	3.28	0	0	0	0	0	0	0	0	0	0	0	0	0	0	4/1086	0/1086
GXYLT1|GXYLT2	GXYLT1|GXYLT2	GXYLT1	GXYLT2	paralog	0	0	0	0	0	0	0	0	0	0	0	0	0	0	0	0	0	0	0	0	0	13	13	2.97	7	7	1.13	0	0	0	0	0	0	0	0	0	0	0	0	0	0	0/1086	0/1086
SNRPB|SNRPN	SNRPB|SNRPN	SNRPB	SNRPN	paralog	0	0	0	0	0	0	0	0	0	0	0	0	0	0	0	0	0	0	0	0	0	13	13	8.02	11	11	5.25	2	2	0	0	0	0	0	0	1	0	1	0	0	0	1086/1086	1/1086
RNF144B|RNF144A	RNF144A|RNF144B	RNF144B	RNF144A	paralog	0	0	0	0	0	0	0	0	0	0	0	0	0	0	0	0	0	0	0	0	0	11	11	2.13	13	13	2.91	0	0	0	0	0	0	0	0	0	0	0	0	0	0	0/1086	0/1086
MED18|MED20	MED18|MED20	MED18	MED20	Achilles	0	0	0	0	0	0	1	0	1	1	1	0	0	0	0	0	0	0	0	4	4	13	13	3.41	13	13	4.09	17	17	17	17	1	0	0	0	1	1	1	1	0	0	1070/1086	1080/1086
MAK|ICK	ICK|MAK	MAK	ICK	paralog	0	0	0	0	0	0	0	0	0	0	0	0	0	0	0	0	0	0	0	0	0	0	0	0.12	NA	NA	NA	0	0	0	0	NA	NA	NA	NA	NA	NA	NA	NA	NA	NA	NA	NA
NSG1|NSG2	NSG1|NSG2	NSG1	NSG2	Jen Uveal	0	0	0	0	0	0	0	0	0	0	0	0	0	0	0	0	0	0	0	0	0	11	11	4.87	0	0	0.02	0	0	0	0	0	0	0	0	0	0	0	0	0	0	0/1086	0/1086
BAP1|UCHL5	BAP1|UCHL5	BAP1	UCHL5	Jen Uveal	0	0	0	0	0	0	0	0	0	0	0	0	0	0	0	0	0	0	0	0	0	11	11	4.06	13	13	5.74	10	10	6	6	0	0	0	0	0	1	0	0	0	0	604/1086	555/1086
GMPR2|GMPR	GMPR|GMPR2	GMPR2	GMPR	paralog	0	0	0	0	0	0	0	0	0	0	0	0	0	0	0	0	0	0	0	0	0	13	13	6.22	9	9	2.45	0	0	0	0	0	0	0	0	0	0	0	0	0	0	1/1086	1/1086
DGAT1|MOGAT2	DGAT1|MOGAT2	DGAT1	MOGAT2	Achilles	0	0	0	0	0	0	0	0	0	0	0	0	0	0	0	0	0	0	0	0	0	13	13	3.81	0	0	0	0	0	0	0	0	0	0	0	0	0	0	0	0	0	3/1086	3/1086
KIAA0319|KIAA0319L	KIAA0319|KIAA0319L	KIAA0319	KIAA0319L	paralog	0	0	0	0	0	0	0	0	0	0	0	0	0	0	0	0	0	0	0	0	0	0	0	0.07	13	13	4.49	0	0	0	0	0	0	0	0	0	0	0	0	0	0	0/1086	0/1086
PRKDC|ATR	ATR|PRKDC	PRKDC	ATR	Jen Uveal	0	0	0	0	0	0	1	0	0	0	0	0	0	0	0	0	0	0	0	1	1	13	13	6.88	13	13	3.41	16	16	10	10	NA	NA	NA	NA	NA	NA	NA	NA	NA	NA	NA	NA
NHLRC1|ADAM19	ADAM19|NHLRC1	NHLRC1	ADAM19	Achilles	0	0	0	0	0	0	0	0	0	0	0	0	0	0	0	0	0	0	0	0	0	6	6	0.84	4	4	0.68	0	0	0	0	0	0	0	0	0	0	0	0	0	0	2/1086	0/1086
TBPL2|TBP	TBP|TBPL2	TBPL2	TBP	paralog	0	0	0	0	0	0	0	0	0	0	0	0	0	0	0	0	0	0	0	0	0	0	0	0	13	13	3.25	0	0	0	0	0	0	1	0	0	0	0	1	1	0	6/1086	1073/1086
SPOP|SPOPL	SPOP|SPOPL	SPOP	SPOPL	paralog	0	0	0	0	0	0	0	0	0	0	0	0	0	0	0	0	0	0	0	0	0	13	13	4.5	13	13	2.19	0	0	0	0	0	0	0	0	0	0	0	0	0	0	9/1086	1/1086
UNC119|UNC119B	UNC119|UNC119B	UNC119	UNC119B	paralog	0	0	0	0	0	0	0	0	0	0	0	0	0	0	0	0	0	0	0	0	0	13	13	4.07	13	13	3.94	0	0	0	0	0	0	0	0	0	0	0	0	0	0	105/1086	2/1086
ITSN2|ITSN1	ITSN1|ITSN2	ITSN2	ITSN1	paralog	0	0	0	0	0	0	0	0	0	0	0	0	0	0	0	0	0	0	0	0	0	13	13	3.64	13	13	3.76	0	0	0	0	0	0	0	0	0	0	0	0	0	0	31/1086	1/1086
TAP1|ASCL1	ASCL1|TAP1	TAP1	ASCL1	Emanuel	0	0	0	0	0	0	0	0	0	0	0	0	0	0	0	0	0	0	0	0	0	11	11	3.14	0	0	0.22	0	0	0	0	0	0	0	0	0	0	0	0	0	0	236/1086	16/1086
FXR1|FXR2	FXR1|FXR2	FXR1	FXR2	Jen Uveal	0	0	0	0	0	0	0	0	0	0	0	0	0	0	0	0	0	0	0	0	0	13	13	7.14	13	13	4.32	0	0	0	0	0	0	0	0	0	0	0	0	0	0	3/1086	1/1086
GSTP1|FOXA1	FOXA1|GSTP1	GSTP1	FOXA1	Emanuel	0	0	0	0	0	0	0	0	0	0	0	0	0	0	0	0	0	0	0	0	0	13	13	10.61	0	0	0.25	2	2	0	0	0	0	0	0	0	0	0	0	0	0	26/1086	63/1086
CPS1|ZNF407	CPS1|ZNF407	CPS1	ZNF407	Emanuel	0	0	0	0	0	0	0	0	0	0	0	0	0	0	0	0	0	0	0	0	0	13	13	2.84	13	13	1.5	0	0	11	11	0	0	0	0	0	1	0	1	0	0	0/1086	950/1086
SPHKAP|AKAP11	AKAP11|SPHKAP	SPHKAP	AKAP11	Jen Uveal	0	0	0	0	0	0	0	0	0	0	0	0	0	0	0	0	0	0	0	0	0	0	0	0.02	13	13	2.49	0	0	0	0	0	0	0	0	0	0	0	0	0	0	0/1086	0/1086
TSTD1|ALG14	ALG14|TSTD1	TSTD1	ALG14	Emanuel	0	0	0	0	0	0	0	0	0	0	0	0	0	0	0	0	0	0	0	0	0	2	2	0.98	9	9	1.31	0	0	0	0	0	1	0	0	0	1	0	1	0	0	4/1086	1057/1086
CAPN2|LDB1	CAPN2|LDB1	CAPN2	LDB1	Emanuel	0	0	0	0	0	0	0	0	0	0	0	0	0	0	0	0	0	0	0	0	0	13	13	5.83	13	13	5.23	0	0	2	2	0	0	0	0	0	0	0	0	0	0	0/1086	160/1086
MYL7|MYH7	MYH7|MYL7	MYL7	MYH7	Achilles	0	0	0	0	0	0	0	0	0	0	0	0	0	0	0	0	0	0	0	0	0	0	0	0	0	0	0.08	0	0	0	0	0	0	0	0	0	0	0	0	0	0	0/1086	0/1086
SERPINA12|HMSD	HMSD|SERPINA12	SERPINA12	HMSD	Achilles	0	0	0	0	0	0	0	0	0	0	0	0	0	0	0	0	0	0	0	0	0	0	0	0	0	0	0.03	0	0	0	0	0	0	1	0	0	0	0	0	1	0	0/1086	1/1086
KLF4|MRPL55	KLF4|MRPL55	KLF4	MRPL55	Emanuel	0	0	0	0	0	0	0	0	0	0	0	0	0	0	0	0	0	0	0	0	0	4	4	1.08	13	13	5.73	0	0	0	0	0	0	0	0	0	0	0	1	0	0	11/1086	786/1086
ARHGEF7|ARHGEF6	ARHGEF6|ARHGEF7	ARHGEF7	ARHGEF6	paralog	0	0	0	0	0	0	0	0	0	0	0	0	0	0	0	0	0	0	0	0	0	13	13	4.03	5	5	1.18	2	2	0	0	0	0	0	0	0	0	0	0	0	0	325/1086	0/1081
FSD1|FSD1L	FSD1|FSD1L	FSD1	FSD1L	paralog	0	0	0	0	0	0	0	0	0	0	0	0	0	0	0	0	0	0	0	0	0	9	9	2.2	11	11	1.35	0	0	0	0	0	0	0	0	0	0	0	0	0	0	0/1086	0/1086
DENND5B|DENND5A	DENND5A|DENND5B	DENND5B	DENND5A	paralog	0	0	0	0	0	0	0	0	0	0	0	0	0	0	0	0	0	0	0	0	0	13	13	3	13	13	4.68	0	0	0	0	0	0	0	0	0	0	0	0	0	0	4/1086	3/1086
NDE1|NDEL1	NDE1|NDEL1	NDE1	NDEL1	paralog	0	0	1	1	1	1	0	1	1	0	0	0	0	1	1	1	1	1	0	11	11	13	13	4.32	13	13	4.03	2	2	0	0	0	0	0	0	0	0	0	0	0	0	533/1086	4/1086
STAM2|STAM	STAM|STAM2	STAM2	STAM	paralog	0	0	0	0	0	0	0	0	0	0	0	0	0	0	0	1	1	0	0	2	2	13	13	2.9	13	13	4.41	0	0	0	0	0	0	0	0	0	0	0	0	0	0	14/1086	2/1086
RALGPS2|RALGPS1	RALGPS1|RALGPS2	RALGPS2	RALGPS1	paralog	0	0	0	0	0	0	0	0	0	0	0	0	0	0	0	0	0	0	0	0	0	13	13	3.47	11	11	1.34	0	0	0	0	0	0	0	0	0	0	0	0	0	0	0/1086	33/1086
SATB1|SATB2	SATB1|SATB2	SATB1	SATB2	Jen Uveal	0	0	0	0	0	0	0	0	0	0	0	0	0	0	0	0	0	0	0	0	0	13	13	2.81	13	13	2.39	0	0	0	0	0	0	0	0	0	0	0	0	0	0	10/1086	14/1086
EFR3B|EFR3A	EFR3A|EFR3B	EFR3B	EFR3A	paralog	0	0	0	0	0	0	0	0	0	0	0	0	0	0	0	0	0	0	0	0	0	9	9	1.7	13	13	4.55	0	0	0	0	0	0	0	0	0	0	0	0	0	0	0/1086	344/1086
FLOT2|FLOT1	FLOT1|FLOT2	FLOT2	FLOT1	paralog	0	0	0	0	0	0	0	0	0	0	0	0	0	0	0	0	0	0	0	0	0	13	13	4.74	13	13	7.49	0	0	0	0	0	0	0	0	0	0	0	0	0	0	14/1086	38/1086
YBX3|ISL1	ISL1|YBX3	YBX3	ISL1	Emanuel	0	0	0	0	0	0	0	0	0	0	0	0	0	0	0	0	0	0	0	0	0	13	13	6.88	2	2	0.48	0	0	0	0	0	0	0	0	0	0	0	0	0	0	29/1086	25/1086
TAF1L|TAF1	TAF1|TAF1L	TAF1L	TAF1	paralog	0	0	0	0	0	0	0	0	0	0	0	0	0	0	0	0	0	0	0	0	0	0	0	0.01	13	13	3.68	0	0	0	0	0	0	0	0	0	1	0	1	0	0	1/1086	975/1081
RHBDF1|RHBDF2	RHBDF1|RHBDF2	RHBDF1	RHBDF2	paralog	0	0	0	0	0	0	0	0	0	0	0	0	0	0	0	0	0	0	0	0	0	13	13	3.45	13	13	3.2	0	0	0	0	0	0	0	0	0	0	0	0	0	0	73/1086	8/1086
ULK2|ULK1	ULK1|ULK2	ULK2	ULK1	paralog	0	0	0	0	0	0	0	0	0	0	0	0	0	0	0	0	0	0	0	0	0	7	7	1.27	13	13	2.81	0	0	0	0	0	0	0	0	0	0	0	0	0	0	0/1086	0/1086
ZNF284|WRN	WRN|ZNF284	ZNF284	WRN	Emanuel	0	0	0	0	0	0	0	0	0	0	0	0	0	0	0	0	0	0	0	0	0	9	9	1.08	13	13	2.93	0	0	2	2	0	0	0	0	0	0	0	0	0	0	360/1086	73/1086
MED31|MED18	MED18|MED31	MED31	MED18	Achilles	0	0	0	0	0	0	0	0	0	0	0	0	0	0	0	0	0	0	0	0	0	13	13	3.74	13	13	3.41	6	6	17	17	0	1	0	0	1	1	1	1	0	0	1081/1086	1070/1086
RECK|UMPS	RECK|UMPS	RECK	UMPS	Emanuel	0	0	0	0	0	0	0	0	0	0	0	0	0	0	0	0	0	0	0	0	0	13	13	2.58	13	13	4.1	0	0	2	2	0	0	0	0	0	1	0	0	0	0	1/1086	468/1086
FEZ1|FEZ2	FEZ1|FEZ2	FEZ1	FEZ2	paralog	0	0	0	0	0	0	0	0	0	0	0	0	0	0	0	0	0	0	0	0	0	11	11	3	13	13	4.64	0	0	0	0	0	0	0	0	0	0	0	0	0	0	2/1086	0/1086
NBEA|LRBA	LRBA|NBEA	NBEA	LRBA	paralog	0	0	0	0	0	0	0	0	0	0	0	0	0	0	0	0	0	0	0	0	0	13	13	2.02	13	13	3.41	0	0	0	0	0	0	0	0	0	0	0	0	0	0	1/1086	0/1086
TNKS|TNKS2	TNKS|TNKS2	TNKS	TNKS2	paralog	0	0	0	1	1	0	0	0	1	0	0	0	0	0	0	0	0	0	0	3	3	13	13	3.46	13	13	3.91	0	0	0	0	0	0	0	0	0	0	0	0	0	0	8/1086	2/1086
SLC25A24|SLC25A25	SLC25A24|SLC25A25	SLC25A24	SLC25A25	Achilles	0	0	0	0	0	0	0	0	0	0	0	0	0	0	0	0	0	0	0	0	0	13	13	4.02	13	13	3.77	0	0	0	0	0	0	0	0	0	0	0	0	0	0	17/1086	58/1086
GSTP1|SPDEF	GSTP1|SPDEF	GSTP1	SPDEF	Emanuel	0	0	0	0	0	0	0	0	0	0	0	0	0	0	0	0	0	0	0	0	0	13	13	10.61	0	0	0.05	2	2	0	0	0	0	0	0	0	0	0	0	0	0	26/1086	17/1086
COX4I2|COX4I1	COX4I1|COX4I2	COX4I2	COX4I1	paralog	0	0	0	0	0	0	0	0	0	0	0	0	0	0	0	0	0	0	0	0	0	0	0	0	13	13	9.15	0	0	7	7	0	1	0	0	0	0	0	0	0	0	5/1086	362/1086
UNC45A|UNC45B	UNC45A|UNC45B	UNC45A	UNC45B	paralog	0	0	0	0	0	0	0	0	0	0	0	0	0	0	0	0	0	0	0	0	0	13	13	4.83	0	0	0	0	0	0	0	0	0	0	0	0	0	0	0	0	0	223/1086	1/1086
ARFIP2|ARFIP1	ARFIP1|ARFIP2	ARFIP2	ARFIP1	paralog	0	0	0	0	0	0	0	0	0	0	0	0	0	0	0	0	0	0	0	0	0	13	13	4.5	13	13	4	0	0	0	0	0	0	0	0	0	0	0	0	0	0	1/1086	1/1086
NXT2|NXT1	NXT1|NXT2	NXT2	NXT1	paralog	0	0	0	0	0	1	0	1	0	1	1	1	0	0	1	1	1	1	1	10	10	13	13	2.69	13	13	4.34	0	0	11	11	0	0	0	0	0	0	0	0	0	0	0/1081	455/1086
XDH|AOX1	AOX1|XDH	XDH	AOX1	paralog	0	0	0	0	0	0	0	0	0	0	0	0	0	0	0	0	0	0	0	0	0	2	2	0.18	2	2	1.18	0	0	0	0	0	0	0	0	0	0	0	0	0	0	0/1086	0/1086
CYP2A6|CYP2C8	CYP2A6|CYP2C8	CYP2A6	CYP2C8	Achilles	0	0	0	0	0	0	0	0	0	0	0	0	0	0	0	0	0	0	0	0	0	0	0	0.02	0	0	0	0	0	0	0	0	0	0	0	0	0	0	0	0	0	0/1086	0/1086
CADPS2|CADPS	CADPS|CADPS2	CADPS2	CADPS	paralog	0	0	0	0	0	0	0	0	0	0	0	0	0	0	0	0	0	0	0	0	0	9	9	1.53	0	0	0.08	0	0	0	0	0	0	0	0	0	0	0	0	0	0	0/1086	1/1086
BECN1|BECN2	BECN1|BECN2	BECN1	BECN2	paralog	0	0	0	0	0	0	0	0	0	0	0	0	0	0	0	0	0	0	0	0	0	13	13	5.57	0	0	0	0	0	0	0	NA	NA	NA	NA	NA	NA	NA	NA	NA	NA	NA	NA
IDH1|IDH2	IDH1|IDH2	IDH1	IDH2	paralog	0	0	0	0	0	0	0	0	0	0	0	0	0	0	0	0	0	0	0	0	0	13	13	7.39	13	13	5.22	0	0	0	0	0	0	0	0	0	0	0	0	0	0	6/1086	0/1086
PSMB6|PSMB9	PSMB6|PSMB9	PSMB6	PSMB9	paralog	0	0	0	0	0	0	0	0	0	0	0	0	0	0	0	0	0	0	0	0	0	13	13	7.68	6	6	1.69	4	4	0	0	0	0	0	0	1	0	1	0	0	0	1043/1086	0/1086
GPSM2|GPSM1	GPSM1|GPSM2	GPSM2	GPSM1	paralog	0	0	0	0	0	0	0	0	0	0	0	0	0	0	0	0	0	0	0	0	0	13	13	2.77	13	13	3.31	0	0	0	0	0	0	0	0	0	0	0	0	0	0	1/1086	0/1086
VANGL2|VANGL1	VANGL1|VANGL2	VANGL2	VANGL1	paralog	0	0	0	0	0	0	0	0	0	0	0	0	0	0	0	0	0	0	0	0	0	13	13	3.06	13	13	1.96	0	0	0	0	0	0	0	0	0	0	0	0	0	0	4/1086	0/1086
SAP30|SAP30L	SAP30|SAP30L	SAP30	SAP30L	paralog	0	0	0	0	0	0	0	0	0	0	0	0	0	0	0	0	0	0	0	0	0	13	13	3.15	13	13	3.33	0	0	0	0	0	0	0	0	0	0	0	0	0	0	4/1086	1/1086
DZIP1L|STX4	DZIP1L|STX4	DZIP1L	STX4	Emanuel	0	0	0	0	0	0	0	0	0	0	0	0	0	0	0	0	0	0	0	0	0	13	13	2.33	13	13	4.55	0	0	0	0	0	0	0	0	0	0	0	0	0	0	0/1086	372/1086
SIRPA|TREM2	SIRPA|TREM2	SIRPA	TREM2	Achilles	0	0	0	0	0	0	0	0	0	0	0	0	0	0	0	0	0	0	0	0	0	13	13	5.1	0	0	0.02	0	0	0	0	NA	NA	NA	NA	NA	NA	NA	NA	NA	NA	NA	NA
NSG1|CALY	CALY|NSG1	NSG1	CALY	Jen Uveal	0	0	0	0	0	0	0	0	0	0	0	0	0	0	0	0	0	0	0	0	0	11	11	4.87	0	0	0.03	0	0	0	0	0	0	0	0	0	0	0	0	0	0	0/1086	0/1086
DGAT1|SOAT1	DGAT1|SOAT1	DGAT1	SOAT1	Achilles	0	0	0	0	0	0	0	0	0	0	0	0	0	0	0	0	0	0	0	0	0	13	13	3.81	13	13	4.58	0	0	0	0	0	0	0	0	0	0	0	0	0	0	3/1086	4/1086
MARCKS|XPR1	MARCKS|XPR1	MARCKS	XPR1	Emanuel	0	0	0	0	0	0	0	0	0	0	0	0	0	0	0	0	0	0	0	0	0	13	13	4.44	13	13	3.46	0	0	2	2	0	0	0	0	0	0	0	0	0	0	9/1086	105/1086
ALDOC|PKM	ALDOC|PKM	ALDOC	PKM	Achilles	0	0	0	0	0	0	0	0	0	0	0	0	0	0	0	0	0	0	0	0	0	12	12	4.33	13	13	9.06	0	0	8	8	0	0	0	0	0	0	0	1	0	0	116/1086	1011/1086
DDI1|DDI2	DDI1|DDI2	DDI1	DDI2	paralog	0	0	0	0	0	0	0	0	0	0	0	0	0	0	0	0	0	0	0	0	0	0	0	0	13	13	2.77	0	0	4	4	0	0	1	0	0	0	0	0	1	0	1/1086	110/1086
MTUS1|CCDC69	CCDC69|MTUS1	MTUS1	CCDC69	Jen Uveal	0	0	0	0	0	0	0	0	0	0	0	0	0	0	0	0	0	0	0	0	0	11	11	3.7	0	0	0.42	0	0	0	0	0	0	0	0	0	0	0	0	0	0	0/1086	0/1086
CDK5R2|CDK5R1	CDK5R1|CDK5R2	CDK5R2	CDK5R1	paralog	0	0	0	0	0	0	0	0	0	0	0	0	0	0	0	0	0	0	0	0	0	0	0	0.15	13	13	3.73	0	0	0	0	0	0	0	0	0	0	0	0	0	0	1/1086	2/1086
ATP6V1C2|ATP6V1C1	ATP6V1C1|ATP6V1C2	ATP6V1C2	ATP6V1C1	paralog	0	0	0	0	0	1	0	0	0	0	0	0	0	0	0	0	0	0	0	1	1	3	3	0.92	13	13	6.43	0	0	13	13	0	0	0	0	0	0	0	1	0	0	0/1086	912/1086
MYBPHL|MYBPH	MYBPH|MYBPHL	MYBPHL	MYBPH	paralog	0	0	0	0	0	0	0	0	0	0	0	0	0	0	0	0	0	0	0	0	0	0	0	0.08	0	0	0.02	0	0	0	0	0	0	0	0	0	0	0	0	0	0	50/1086	2/1086
KIF20A|KIF4A	KIF4A|KIF20A	KIF20A	KIF4A	Achilles	0	0	0	0	0	0	0	0	0	0	0	0	0	0	0	0	0	0	0	0	0	13	13	4.14	13	13	3.17	4	4	12	12	0	0	0	0	0	0	1	1	0	0	705/1086	785/1081
IPO8|IPO7	IPO7|IPO8	IPO8	IPO7	paralog	0	0	0	0	0	0	0	0	0	0	0	0	0	0	0	0	0	0	0	0	0	13	13	3.91	13	13	6.31	0	0	2	2	0	0	0	0	0	1	0	1	0	0	2/1086	1076/1086
FXR1|FMR1	FMR1|FXR1	FXR1	FMR1	Jen Uveal	0	0	0	0	0	0	0	0	0	0	0	0	0	0	0	0	0	0	0	0	0	13	13	7.14	13	13	4.22	0	0	0	0	0	0	0	0	0	0	0	0	0	0	3/1086	0/1081
ARHGEF3|NET1	ARHGEF3|NET1	ARHGEF3	NET1	paralog	0	0	0	0	0	0	0	0	0	0	0	0	0	0	0	0	0	0	0	0	0	13	13	2.66	13	13	3.05	0	0	0	0	0	0	0	0	0	0	0	0	0	0	1/1086	0/1086
PIP4P2|PIP4P1	PIP4P1|PIP4P2	PIP4P2	PIP4P1	paralog	0	0	0	0	0	0	0	0	0	0	0	0	0	0	0	0	0	0	0	0	0	13	13	4.35	13	13	4.66	0	0	2	2	0	0	0	0	0	0	0	0	0	0	0/1086	0/1086
CYP26C1|NSDHL	CYP26C1|NSDHL	CYP26C1	NSDHL	Achilles	0	0	0	0	0	0	0	0	0	0	0	0	0	0	0	0	0	0	0	0	0	0	0	0.03	13	13	3.9	0	0	0	0	0	0	1	0	0	0	0	0	1	0	1/1086	1/1081
GALNT2|GALNT5	GALNT2|GALNT5	GALNT2	GALNT5	Achilles	0	0	0	0	0	0	0	0	0	0	0	0	0	0	0	0	0	0	0	0	0	13	13	4.86	0	0	0.14	0	0	0	0	0	0	0	0	0	0	0	0	0	0	0/1086	0/1086
ZAP70|SYK	SYK|ZAP70	ZAP70	SYK	paralog	0	0	0	0	0	0	0	0	0	0	0	0	0	0	0	0	0	0	0	0	0	0	0	0.1	0	0	0.1	0	0	0	0	0	0	0	0	0	0	0	0	0	0	4/1086	17/1086
HMGCL|HMGCLL1	HMGCL|HMGCLL1	HMGCL	HMGCLL1	paralog	0	0	0	0	0	0	0	0	0	0	0	0	0	0	0	0	0	0	0	0	0	13	13	4.08	0	0	0.01	0	0	0	0	0	0	0	0	0	0	0	0	0	0	12/1086	8/1086
EZH2|EZH1	EZH1|EZH2	EZH2	EZH1	paralog	0	0	0	0	0	0	0	0	0	0	0	0	0	0	0	0	0	0	0	0	0	13	13	3.87	13	13	3.38	2	2	0	0	0	0	0	0	0	0	0	0	0	0	78/1086	0/1086
CTNNB1|JUP	CTNNB1|JUP	CTNNB1	JUP	Jen Uveal	0	0	0	0	0	0	0	0	0	0	0	0	0	0	0	0	0	0	0	0	0	13	13	8.13	11	11	3.5	4	4	0	0	0	0	0	0	0	0	0	0	0	0	143/1086	18/1086
CHUK|TANK	CHUK|TANK	CHUK	TANK	Achilles	0	0	0	0	0	0	0	0	0	0	0	0	0	0	0	0	0	0	0	0	0	13	13	3.88	13	13	4.72	0	0	0	0	0	0	0	0	0	0	0	0	0	0	50/1086	6/1086
LRFN1|TTC7A	LRFN1|TTC7A	LRFN1	TTC7A	Emanuel	0	0	0	0	0	0	0	0	0	0	0	0	0	0	0	0	0	0	0	0	0	6	6	0.85	13	13	2	0	0	0	0	0	0	0	0	0	0	0	0	0	0	5/1086	129/1086
DUOX1|DUOX2	DUOX1|DUOX2	DUOX1	DUOX2	paralog	0	0	0	0	0	0	0	0	0	0	0	0	0	0	0	0	0	0	0	0	0	0	0	0.1	0	0	0.02	0	0	0	0	0	0	0	0	0	0	0	0	0	0	0/1086	4/1086
SP110|EEFSEC	EEFSEC|SP110	SP110	EEFSEC	Emanuel	0	0	0	0	0	0	0	0	0	0	0	0	0	0	0	0	0	0	0	0	0	13	13	3.13	13	13	2.62	0	0	2	2	0	0	0	0	0	1	0	0	0	0	11/1086	631/1086
PTPN21|PTPN14	PTPN14|PTPN21	PTPN21	PTPN14	paralog	0	0	0	0	0	0	0	0	0	0	0	0	0	0	0	0	0	0	0	0	0	11	11	1.99	13	13	2.59	0	0	0	0	0	0	0	0	0	0	0	0	0	0	0/1086	0/1086
GPR183|MTA3	GPR183|MTA3	GPR183	MTA3	Achilles	0	0	0	0	0	0	0	0	0	0	0	0	0	0	0	0	0	0	0	0	0	0	0	0.02	13	13	4.87	0	0	0	0	0	0	0	0	0	0	0	0	0	0	0/1086	3/1086
FZD8|KIT	FZD8|KIT	FZD8	KIT	Jen Uveal	0	0	0	0	0	0	0	0	0	0	0	0	0	0	0	0	0	0	0	0	0	4	4	0.66	8	8	3.11	0	0	0	0	0	0	0	0	0	0	0	0	0	0	0/1086	2/1086
PLAU|ISCA2	ISCA2|PLAU	PLAU	ISCA2	Emanuel	0	0	0	0	0	0	0	0	0	0	0	0	0	1	0	0	0	0	0	1	1	0	0	0.38	13	13	3.92	0	0	7	7	0	0	0	0	0	0	0	1	0	0	0/1086	829/1086
NBEAL1|NBEAL2	NBEAL1|NBEAL2	NBEAL1	NBEAL2	paralog	0	0	0	0	0	0	0	0	0	0	0	0	0	0	0	0	0	0	0	0	0	13	13	3.05	13	13	3.08	0	0	0	0	0	0	0	0	0	0	0	0	0	0	33/1086	3/1086
ANKRD10|ANKRD37	ANKRD10|ANKRD37	ANKRD10	ANKRD37	Jen Uveal	0	0	0	0	0	0	0	0	0	0	0	0	0	0	0	0	0	0	0	0	0	13	13	4.56	13	13	1.98	0	0	0	0	0	0	0	0	0	0	0	0	0	0	3/1086	0/1086
CNOT6|CNOT6L	CNOT6|CNOT6L	CNOT6	CNOT6L	paralog	0	0	0	0	0	0	0	0	0	0	0	0	0	0	0	0	0	0	0	0	0	13	13	3.69	13	13	2.37	0	0	0	0	0	0	0	0	0	0	0	0	0	0	0/1086	6/1086
RSC1A1|SUSD1	RSC1A1|SUSD1	RSC1A1	SUSD1	Achilles	0	0	0	0	0	0	0	0	0	0	0	0	0	0	0	0	0	0	0	0	0	6	6	0.83	8	8	1.3	0	0	0	0	0	0	0	0	0	0	0	0	0	0	0/1086	0/1086
TPBG|TPBGL	TPBG|TPBGL	TPBG	TPBGL	Jen Uveal	0	0	0	0	0	0	0	0	0	0	0	0	0	0	0	0	0	0	0	0	0	11	11	2.37	4	4	0.45	0	0	0	0	0	0	0	0	0	0	0	0	0	0	0/1086	7/1086
ERC1|ERC2	ERC1|ERC2	ERC1	ERC2	paralog	0	0	0	0	0	0	0	0	0	0	0	0	0	0	0	0	0	0	0	0	0	13	13	2.88	4	4	0.94	0	0	0	0	0	0	0	0	0	0	0	0	0	0	7/1086	0/1086
NR5A1|NR5A2	NR5A1|NR5A2	NR5A1	NR5A2	paralog	0	0	0	0	0	0	0	0	0	0	0	0	0	0	0	0	0	0	0	0	0	0	0	0	4	4	0.65	0	0	0	0	0	0	0	0	0	0	0	0	0	0	5/1086	5/1086
CBLL1|CBLL2	CBLL1|CBLL2	CBLL1	CBLL2	paralog	0	0	0	0	0	0	0	0	0	0	0	0	0	0	0	0	0	0	0	0	0	13	13	4.24	0	0	0	0	0	0	0	0	0	0	1	0	0	0	0	0	0	258/1086	0/1081
ZNF418|ZNF185	ZNF185|ZNF418	ZNF418	ZNF185	Achilles	0	0	0	0	0	0	0	0	0	0	0	0	0	0	0	0	0	0	0	0	0	11	11	1.68	11	11	2.13	0	0	0	0	0	0	0	0	0	0	0	0	0	0	0/1086	8/1081
TAF9B|TAF9	TAF9|TAF9B	TAF9B	TAF9	paralog	0	0	0	0	0	0	0	0	0	0	0	0	0	0	0	0	0	0	0	0	0	13	13	3.59	13	13	6.45	0	0	0	0	0	0	0	0	0	0	0	0	0	0	6/1081	10/1086
PPP3CA|PPP3R1	PPP3CA|PPP3R1	PPP3CA	PPP3R1	Achilles	0	0	0	0	0	0	0	0	0	0	0	0	0	0	0	0	0	0	0	0	0	13	13	2.92	13	13	5.25	0	0	0	0	0	0	0	0	0	0	0	0	0	0	0/1086	23/1086
ERO1B|ERO1A	ERO1A|ERO1B	ERO1B	ERO1A	paralog	0	0	0	0	0	0	0	0	0	0	0	0	0	0	0	0	0	0	0	0	0	13	13	2.27	13	13	4.85	0	0	0	0	0	0	0	0	0	0	0	0	0	0	0/1086	4/1086
MMD|MMD2	MMD|MMD2	MMD	MMD2	paralog	0	0	0	0	0	0	0	0	0	0	0	0	0	0	0	0	0	0	0	0	0	11	11	2.15	0	0	0	0	0	0	0	0	0	0	1	0	0	0	0	0	1	3/1086	0/1086
BATF3|STX4	BATF3|STX4	BATF3	STX4	Emanuel	0	0	0	0	0	0	0	0	0	0	0	0	0	0	0	0	0	0	0	0	0	13	13	2.06	13	13	4.55	0	0	0	0	0	0	0	0	0	0	0	0	0	0	9/1086	372/1086
IFIH1|EEFSEC	EEFSEC|IFIH1	IFIH1	EEFSEC	Emanuel	0	0	0	0	0	0	0	0	0	0	0	0	0	0	0	0	0	0	0	0	0	8	8	1.45	13	13	2.62	0	0	2	2	0	0	0	0	0	1	0	0	0	0	1/1086	631/1086
SLC25A15|SLC25A2	SLC25A2|SLC25A15	SLC25A15	SLC25A2	paralog	0	0	0	0	0	0	0	0	0	0	0	0	0	0	0	0	0	0	0	0	0	13	13	3.23	0	0	0.01	0	0	0	0	0	0	0	1	0	0	0	0	0	1	2/1086	3/1086
SNX2|SNX6	SNX2|SNX6	SNX2	SNX6	Achilles	0	0	0	0	0	0	0	0	0	0	0	0	0	0	0	0	0	0	0	0	0	13	13	6.59	13	13	5.3	0	0	0	0	0	0	0	0	0	0	0	0	0	0	1/1086	43/1086
TCF12|TCF3	TCF3|TCF12	TCF12	TCF3	Jen Uveal	0	0	0	0	0	0	0	0	0	0	0	0	0	0	0	0	0	0	0	0	0	13	13	4.67	13	13	4.26	0	0	0	0	0	0	0	0	0	0	0	0	0	0	16/1086	45/1086
ABL1|MBD4	ABL1|MBD4	ABL1	MBD4	Jen Uveal	0	0	0	0	0	0	0	0	0	0	0	0	0	0	0	0	0	0	0	0	0	13	13	4.35	13	13	3.49	0	0	0	0	0	0	0	0	0	0	0	0	0	0	8/1086	1/1086
RAMP2|ADM	ADM|RAMP2	RAMP2	ADM	Achilles	0	0	0	0	0	0	0	0	0	0	0	0	0	0	0	0	0	0	0	0	0	6	6	1.06	11	11	2.75	0	0	0	0	0	0	0	0	0	0	0	0	0	0	1/1086	0/1086
RUNX1|MRPL55	MRPL55|RUNX1	RUNX1	MRPL55	Emanuel	0	0	0	0	0	0	0	0	0	0	0	0	0	0	0	0	0	0	0	0	0	6	6	1.45	13	13	5.73	0	0	0	0	0	0	0	0	0	0	0	1	0	0	56/1086	786/1086
CD163L1|SLCO2B1	CD163L1|SLCO2B1	CD163L1	SLCO2B1	Achilles	0	0	0	0	0	0	0	0	0	0	0	0	0	0	0	0	0	0	0	0	0	2	2	0.23	0	0	0.08	0	0	0	0	0	0	0	0	0	0	0	0	0	0	0/1086	1/1086
VIM|STX4	STX4|VIM	VIM	STX4	Emanuel	0	0	0	0	0	0	0	0	0	0	0	0	0	0	0	0	0	0	0	0	0	13	13	10.35	13	13	4.55	0	0	0	0	0	0	0	0	0	0	0	0	0	0	0/1086	372/1086
IDH3B|IDH3G	IDH3B|IDH3G	IDH3B	IDH3G	paralog	0	0	0	0	0	0	0	0	0	0	0	0	0	0	0	0	0	0	0	0	0	13	13	5.97	13	13	5.43	0	0	0	0	0	0	0	0	0	0	0	0	0	0	3/1086	2/1081
BTBD11|ABTB2	ABTB2|BTBD11	BTBD11	ABTB2	paralog	0	0	0	0	0	0	0	0	0	0	0	0	0	0	0	0	0	0	0	0	0	0	0	0.17	9	9	1.57	0	0	0	0	0	0	0	0	0	0	0	0	0	0	3/1086	1/1086
UQCRC1|PMPCB	PMPCB|UQCRC1	UQCRC1	PMPCB	paralog	0	0	0	0	0	1	0	0	0	0	0	1	0	0	0	0	0	1	1	4	4	13	13	7.24	13	13	6.38	13	13	11	11	1	1	0	0	1	1	0	1	0	0	629/1086	1086/1086
ABL1|ABL2	ABL1|ABL2	ABL1	ABL2	paralog	0	0	0	0	0	0	0	0	0	0	0	0	0	0	0	0	0	0	0	0	0	13	13	4.35	13	13	4.28	0	0	0	0	0	0	0	0	0	0	0	0	0	0	8/1086	0/1086
SLC9A3R2|SLC9A3R1	SLC9A3R1|SLC9A3R2	SLC9A3R2	SLC9A3R1	paralog	0	0	0	0	0	0	0	0	0	0	0	0	0	0	0	0	0	0	0	0	0	13	13	3.01	13	13	4.61	0	0	0	0	0	0	0	0	0	0	0	0	0	0	0/1086	3/1086
NCKAP1|NCKAP1L	NCKAP1|NCKAP1L	NCKAP1	NCKAP1L	paralog	0	0	0	0	0	0	0	0	0	0	0	0	0	0	0	0	0	0	0	0	0	13	13	5.93	0	0	0.02	0	0	0	0	0	0	0	0	0	0	0	0	0	0	516/1086	16/1086
PLD1|PLD2	PLD1|PLD2	PLD1	PLD2	paralog	0	0	0	0	0	0	0	0	0	0	0	0	0	0	0	0	0	0	0	0	0	11	11	2.28	13	13	2.92	0	0	0	0	0	0	0	0	0	0	0	0	0	0	3/1086	0/1086
MYD88|TIRAP	MYD88|TIRAP	MYD88	TIRAP	Achilles	0	0	0	0	0	0	0	0	0	0	0	0	0	0	0	0	0	0	0	0	0	7	7	1.77	13	13	2.55	0	0	0	0	0	0	0	0	0	0	0	0	0	0	2/1086	1/1086
NUMBL|NUMB	NUMB|NUMBL	NUMBL	NUMB	paralog	0	0	0	0	0	0	0	0	0	0	0	0	0	0	0	0	0	0	0	0	0	13	13	2.74	13	13	4.24	0	0	0	0	0	0	0	0	0	0	0	0	0	0	2/1086	21/1086
HEATR5B|HEATR5A	HEATR5A|HEATR5B	HEATR5B	HEATR5A	paralog	0	0	0	0	0	0	0	0	0	0	0	0	0	0	0	0	0	0	0	0	0	13	13	3.2	13	13	3.97	0	0	0	0	NA	NA	NA	NA	NA	NA	NA	NA	NA	NA	NA	NA
PEF1|SRI	PEF1|SRI	PEF1	SRI	Achilles	0	0	0	0	0	0	0	0	0	0	0	0	0	0	0	0	0	0	0	0	0	13	13	5.2	13	13	6.86	0	0	0	0	0	0	0	0	0	0	1	0	0	0	395/1086	49/1086
MTUS1|MTUS2	MTUS1|MTUS2	MTUS1	MTUS2	Jen Uveal	0	0	0	0	0	0	0	0	0	0	0	0	0	0	0	0	0	0	0	0	0	11	11	3.7	0	0	0.03	0	0	0	0	0	0	0	0	0	0	0	0	0	0	0/1086	0/1086
TMEM9|TMEM9B	TMEM9|TMEM9B	TMEM9	TMEM9B	paralog	0	0	0	0	0	0	0	0	0	0	0	0	0	0	0	0	0	0	0	0	0	13	13	6.11	13	13	4.32	0	0	0	0	0	0	0	0	0	0	0	0	0	0	0/1086	1/1086
TIMM23B|TIMM23	TIMM23|TIMM23B	TIMM23B	TIMM23	paralog	0	0	0	0	0	0	0	0	0	0	0	0	0	0	0	0	0	0	0	0	0	13	13	2.61	13	13	6.25	0	0	2	2	NA	NA	NA	NA	NA	NA	NA	NA	NA	NA	NA	NA
MBD4|MECP2	MBD4|MECP2	MBD4	MECP2	Jen Uveal	0	0	0	0	0	0	0	0	0	0	0	0	0	0	0	0	0	0	0	0	0	13	13	3.49	13	13	3.4	0	0	2	2	0	0	0	0	0	0	0	0	0	0	1/1086	0/1081
LMBR1|LMBR1L	LMBR1|LMBR1L	LMBR1	LMBR1L	paralog	0	0	0	0	0	0	0	0	0	0	0	0	0	0	0	0	0	0	0	0	0	13	13	3.85	13	13	4.5	0	0	0	0	0	0	0	0	0	0	0	0	0	0	0/1086	67/1086
SEC23A|SAR1A	SAR1A|SEC23A	SEC23A	SAR1A	Achilles	0	0	0	0	0	0	0	0	0	0	0	0	0	0	0	0	0	0	0	0	0	13	13	4.89	13	13	4.79	0	0	3	3	0	0	0	0	0	0	0	0	0	0	26/1086	49/1086
SLC35F4|SLC35F3	SLC35F3|SLC35F4	SLC35F4	SLC35F3	paralog	0	0	0	0	0	0	0	0	0	0	0	0	0	0	0	0	0	0	0	0	0	0	0	0	2	2	0.24	0	0	0	0	NA	NA	NA	NA	NA	NA	NA	NA	NA	NA	NA	NA
JAG1|JAG2	JAG1|JAG2	JAG1	JAG2	paralog	0	0	0	0	0	0	0	0	0	0	0	0	0	0	0	0	0	0	0	0	0	11	11	1.86	11	11	2.75	0	0	0	0	0	0	0	0	0	0	0	0	0	0	13/1086	2/1086
ZEB1|STX4	STX4|ZEB1	ZEB1	STX4	Emanuel	0	0	0	0	0	0	0	0	0	0	0	0	0	0	0	0	0	0	0	0	0	4	4	0.85	13	13	4.55	0	0	0	0	0	0	0	0	0	0	0	0	0	0	54/1086	372/1086
TRIM25|RNF125	RNF125|TRIM25	TRIM25	RNF125	Achilles	0	0	0	0	0	0	0	0	0	0	0	0	0	0	0	0	0	0	0	0	0	13	13	4.12	8	8	1.44	0	0	0	0	0	0	0	0	0	0	0	0	0	0	4/1086	0/1086
QSOX1|MRPL55	MRPL55|QSOX1	QSOX1	MRPL55	Emanuel	0	0	0	0	0	0	0	0	0	0	0	0	0	0	0	0	0	0	0	0	0	13	13	5.65	13	13	5.73	0	0	0	0	0	0	0	0	0	0	0	1	0	0	3/1086	786/1086
TOB2|TOB1	TOB1|TOB2	TOB2	TOB1	paralog	0	0	0	0	0	0	0	0	0	0	0	0	0	0	0	0	0	0	0	0	0	13	13	3.33	13	13	4.55	0	0	0	0	0	0	0	0	0	0	0	0	0	0	0/1086	3/1086
LIMK1|LIMK2	LIMK1|LIMK2	LIMK1	LIMK2	Achilles	0	0	0	0	0	0	0	0	0	0	0	0	0	0	0	0	0	0	0	0	0	13	13	3.73	13	13	3.62	0	0	0	0	0	0	0	0	0	0	0	0	0	0	2/1086	0/1086
TANC1|TANC2	TANC1|TANC2	TANC1	TANC2	paralog	0	0	0	0	0	0	0	0	0	0	0	0	0	0	0	0	0	0	0	0	0	13	13	3.72	13	13	2.32	0	0	0	0	0	0	0	0	0	0	0	0	0	0	0/1086	1/1086
SIRPA|TYROBP	SIRPA|TYROBP	SIRPA	TYROBP	Achilles	0	0	0	0	0	0	0	0	0	0	0	0	0	0	0	0	0	0	0	0	0	13	13	5.1	0	0	0.01	0	0	0	0	NA	NA	NA	NA	NA	NA	NA	NA	NA	NA	NA	NA
LNX1|LNX2	LNX1|LNX2	LNX1	LNX2	paralog	0	0	0	0	0	0	0	0	0	0	0	0	0	0	0	0	0	0	0	0	0	2	2	0.58	13	13	2.02	0	0	0	0	0	0	0	0	0	0	0	0	0	0	1/1086	0/1086
GOLT1B|GOLT1A	GOLT1A|GOLT1B	GOLT1B	GOLT1A	paralog	0	0	0	0	0	0	0	0	0	0	0	0	0	0	0	0	0	0	0	0	0	13	13	4.78	0	0	0.2	0	0	0	0	0	0	0	0	0	0	0	0	0	0	431/1086	0/1086
CTNNB1|FLT1	CTNNB1|FLT1	CTNNB1	FLT1	Jen Uveal	0	0	0	0	0	0	0	0	0	0	0	0	0	0	0	0	0	0	0	0	0	13	13	8.13	0	0	0.07	4	4	0	0	0	0	0	0	0	0	0	0	0	0	143/1086	0/1086
SOS2|SOS1	SOS1|SOS2	SOS2	SOS1	paralog	0	0	0	0	0	0	0	0	0	0	0	0	0	0	0	0	0	0	0	0	0	13	13	3.24	13	13	5.9	0	0	0	0	0	0	0	0	0	0	0	0	0	0	1/1086	167/1086
GRIP2|GRIP1	GRIP1|GRIP2	GRIP2	GRIP1	paralog	0	0	0	0	0	0	0	0	0	0	0	0	0	0	0	0	0	0	0	0	0	0	0	0.04	7	7	1.36	0	0	0	0	NA	NA	NA	NA	NA	NA	NA	NA	NA	NA	NA	NA
RAP1GAP|RAP1GAP2	RAP1GAP|RAP1GAP2	RAP1GAP	RAP1GAP2	paralog	0	0	0	0	0	0	0	0	0	0	0	0	0	0	0	0	0	0	0	0	0	11	11	2.08	11	11	2.1	0	0	0	0	0	0	0	0	0	0	0	0	0	0	0/1086	0/1086
ABCB1|MBD4	ABCB1|MBD4	ABCB1	MBD4	Jen Uveal	0	0	0	0	0	0	0	0	0	0	0	0	0	0	0	0	0	0	0	0	0	3	3	0.81	13	13	3.49	0	0	0	0	0	0	0	0	0	0	0	0	0	0	2/1086	1/1086
IRF4|IRF8	IRF4|IRF8	IRF4	IRF8	Achilles	0	0	0	0	0	0	0	0	0	0	0	0	0	0	0	0	0	0	0	0	0	7	7	1.66	0	0	0.03	0	0	0	0	0	0	0	0	0	0	0	0	0	0	74/1086	17/1086
PDGFD|PDGFC	PDGFC|PDGFD	PDGFD	PDGFC	Jen Uveal	0	0	0	0	0	0	0	0	0	0	0	0	0	0	0	0	0	0	0	0	0	7	7	1.02	8	8	2.23	0	0	0	0	0	0	0	0	0	0	0	0	0	0	1/1086	2/1086
PLXDC2|PLXDC1	PLXDC1|PLXDC2	PLXDC2	PLXDC1	paralog	0	0	0	0	0	0	0	0	0	0	0	0	0	0	0	0	0	0	0	0	0	2	2	0.52	6	6	0.95	0	0	0	0	0	0	0	0	0	0	0	0	0	0	0/1086	3/1086
RECK|TTC7A	RECK|TTC7A	RECK	TTC7A	Emanuel	0	0	0	0	0	0	0	0	0	0	0	0	0	0	0	0	0	0	0	0	0	13	13	2.58	13	13	2	0	0	0	0	0	0	0	0	0	0	0	0	0	0	1/1086	129/1086
TCF12|TCF4	TCF4|TCF12	TCF12	TCF4	Jen Uveal	0	0	0	0	0	0	0	0	0	0	0	0	0	0	0	0	0	0	0	0	0	13	13	4.67	2	2	0.34	0	0	0	0	0	0	0	0	0	0	0	0	0	0	16/1086	7/1086
GBX2|GBX1	GBX1|GBX2	GBX2	GBX1	paralog	0	0	0	0	0	0	0	0	0	0	0	0	0	0	0	0	0	0	0	0	0	6	6	1.21	0	0	0.01	0	0	0	0	0	0	0	0	0	0	0	0	0	0	0/1086	0/1086
ZNF423|ZNF521	ZNF423|ZNF521	ZNF423	ZNF521	paralog	0	0	0	0	0	0	0	0	0	0	0	0	0	0	0	0	0	0	0	0	0	0	0	0.26	4	4	0.8	0	0	0	0	0	0	0	0	0	0	0	0	0	0	2/1086	3/1086
ERN2|ERN1	ERN1|ERN2	ERN2	ERN1	paralog	0	0	0	0	0	0	0	0	0	0	0	0	0	0	0	0	0	0	0	0	0	0	0	0.02	13	13	2.4	0	0	0	0	0	0	0	0	0	0	0	0	0	0	2/1086	5/1086
GYS1|GYS2	GYS1|GYS2	GYS1	GYS2	paralog	0	0	0	0	0	0	0	0	0	0	0	0	0	0	0	0	0	0	0	0	0	13	13	4.88	0	0	0.01	0	0	0	0	0	0	0	0	0	0	0	0	0	0	0/1086	0/1086
RNF130|RNF103	RNF103|RNF130	RNF130	RNF103	Achilles	0	0	0	0	0	0	0	0	0	0	0	0	0	0	0	0	0	0	0	0	0	13	13	5.26	13	13	3.48	0	0	0	0	0	0	0	0	0	0	0	0	0	0	0/1086	17/1086
CLIP4|SPDEF	CLIP4|SPDEF	CLIP4	SPDEF	Emanuel	0	0	0	0	0	0	0	0	0	0	0	0	0	0	0	0	0	0	0	0	0	13	13	3.08	0	0	0.05	0	0	0	0	0	0	0	0	0	0	0	0	0	0	0/1086	17/1086
KIT|PGLS	KIT|PGLS	KIT	PGLS	Jen Uveal	0	0	0	0	0	0	0	0	0	0	0	0	0	0	0	0	0	0	0	0	0	8	8	3.11	13	13	5.36	0	0	0	0	0	0	0	0	0	0	0	0	0	0	2/1086	103/1086
ARID4A|DZIP3	ARID4A|DZIP3	ARID4A	DZIP3	Achilles	0	0	0	0	0	0	0	0	0	0	0	0	0	0	0	0	0	0	0	0	0	13	13	2.65	13	13	2.74	0	0	0	0	0	0	0	0	0	0	0	0	0	0	7/1086	0/1086
ABCA3|MBD4	ABCA3|MBD4	ABCA3	MBD4	Jen Uveal	0	0	0	0	0	0	0	0	0	0	0	0	0	0	0	0	0	0	0	0	0	11	11	2.2	13	13	3.49	2	2	0	0	0	0	0	0	0	0	0	0	0	0	0/1086	1/1086
GNB3|KLF5	GNB3|KLF5	GNB3	KLF5	Emanuel	0	0	0	0	0	0	0	0	0	0	0	0	0	0	0	0	0	0	0	0	0	5	5	0.7	13	13	2.91	0	0	0	0	0	0	0	0	0	0	0	0	0	0	3/1086	275/1086
MANF|CDNF	CDNF|MANF	MANF	CDNF	paralog	0	0	0	0	0	0	0	0	0	0	0	0	0	0	0	0	0	0	0	0	0	13	13	5.83	7	7	0.98	2	2	0	0	0	0	0	0	0	0	0	0	0	0	308/1086	0/1086
PHLDA1|PHLDA2	PHLDA1|PHLDA2	PHLDA1	PHLDA2	Jen Uveal	0	0	0	0	0	0	0	0	0	0	0	0	0	0	0	0	0	0	0	0	0	13	13	4.98	13	13	2.63	0	0	0	0	0	0	0	0	0	0	0	0	0	0	2/1086	3/1086
DYNLT1|DYNLT3	DYNLT1|DYNLT3	DYNLT1	DYNLT3	paralog	0	0	0	0	0	0	0	0	0	0	0	0	0	0	0	0	0	0	0	0	0	13	13	6.04	6	6	1.42	0	0	0	0	0	0	0	0	0	0	0	0	0	0	70/1086	5/1081
ZDHHC13|ZDHHC17	ZDHHC13|ZDHHC17	ZDHHC13	ZDHHC17	paralog	0	0	0	0	0	0	0	0	0	0	0	0	0	0	0	0	0	0	0	0	0	13	13	3.02	13	13	3.66	0	0	0	0	0	0	0	0	0	0	0	0	0	0	2/1086	5/1086
DEGS1|DEGS2	DEGS1|DEGS2	DEGS1	DEGS2	paralog	0	0	0	0	0	0	0	0	0	0	0	0	0	0	0	0	0	0	0	0	0	13	13	6.32	0	0	0.07	0	0	0	0	0	0	0	0	0	0	0	0	0	0	0/1086	0/1086
SPTA1|SPTAN1	SPTA1|SPTAN1	SPTA1	SPTAN1	paralog	0	0	0	0	0	0	0	0	0	0	0	0	0	0	0	0	0	0	0	0	0	4	4	0.49	13	13	5.79	0	0	0	0	0	0	0	0	0	0	0	0	0	0	1/1086	19/1086
KIT|SNTA1	KIT|SNTA1	KIT	SNTA1	Jen Uveal	0	0	0	0	0	0	0	0	0	0	0	0	0	0	0	0	0	0	0	0	0	8	8	3.11	13	13	3.24	0	0	0	0	0	0	0	0	0	0	0	0	0	0	2/1086	39/1086
PCBD2|PCBD1	PCBD1|PCBD2	PCBD2	PCBD1	paralog	0	0	0	0	0	0	0	0	0	0	0	0	0	0	0	0	0	0	0	0	0	13	13	2.25	13	13	6.1	0	0	0	0	0	0	0	0	0	0	0	0	0	0	10/1086	4/1086
MACF1|DST	DST|MACF1	MACF1	DST	paralog	0	0	0	0	0	0	0	0	0	0	0	0	0	0	0	0	0	0	0	0	0	13	13	5.02	13	13	4.66	0	0	0	0	0	0	0	0	0	0	0	0	0	0	0/1086	0/1086
IKBKB|CHUK	CHUK|IKBKB	IKBKB	CHUK	paralog	0	0	0	0	0	0	0	0	0	0	0	0	0	0	0	0	0	0	0	0	0	13	13	4.04	13	13	3.88	0	0	0	0	0	0	0	0	0	0	0	0	0	0	43/1086	50/1086
SERPINA11|HMSD	HMSD|SERPINA11	SERPINA11	HMSD	Achilles	0	0	0	0	0	0	0	0	0	0	0	0	0	0	0	0	0	0	0	0	0	0	0	0	0	0	0.03	0	0	0	0	0	0	0	0	0	0	0	0	0	0	0/1086	1/1086
PTCH2|PTCH1	PTCH1|PTCH2	PTCH2	PTCH1	paralog	0	0	0	0	0	0	0	0	0	0	0	0	0	0	0	0	0	0	0	0	0	0	0	0.14	13	13	1.58	0	0	0	0	0	0	0	0	0	0	0	0	0	0	14/1086	1/1086
RIMKLB|TTC7A	RIMKLB|TTC7A	RIMKLB	TTC7A	Emanuel	0	0	0	0	0	0	0	0	0	0	0	0	0	0	0	0	0	0	0	0	0	13	13	3.82	13	13	2	0	0	0	0	0	0	0	0	0	0	0	0	0	0	2/1086	129/1086
DLL4|DLL1	DLL1|DLL4	DLL4	DLL1	paralog	0	0	0	0	0	0	0	0	0	0	0	0	0	0	0	0	0	0	0	0	0	2	2	0.57	0	0	0.32	0	0	0	0	0	0	0	0	0	0	0	0	0	0	0/1086	3/1086
CRYBB2|KIT	CRYBB2|KIT	CRYBB2	KIT	Jen Uveal	0	0	0	0	0	0	0	0	0	0	0	0	0	0	0	0	0	0	0	0	0	0	0	0.03	8	8	3.11	0	0	0	0	0	0	0	0	0	0	0	0	0	0	1/1086	2/1086
UTRN|DMD	DMD|UTRN	UTRN	DMD	paralog	0	0	0	0	0	0	0	0	0	0	0	0	0	0	0	0	0	0	0	0	0	13	13	3.37	13	13	2.43	0	0	0	0	0	0	0	0	0	0	0	0	0	0	0/1086	0/1081
MPC1|MPC1L	MPC1|MPC1L	MPC1	MPC1L	paralog	0	0	0	0	0	0	0	0	0	0	0	0	0	0	0	0	0	0	0	0	0	13	13	5.13	0	0	0	0	0	0	0	NA	NA	NA	NA	NA	NA	NA	NA	NA	NA	NA	NA
STX17|ZFYVE19	STX17|ZFYVE19	STX17	ZFYVE19	Achilles	0	0	0	0	0	0	0	0	0	0	0	0	0	0	0	0	0	0	0	0	0	13	13	2.58	13	13	3.86	0	0	0	0	0	0	0	0	0	0	0	0	0	0	0/1086	0/1086
FLNC|FLNB	FLNB|FLNC	FLNC	FLNB	Achilles	0	0	0	0	0	0	0	0	0	0	0	0	0	0	0	0	0	0	0	0	0	9	9	2.99	13	13	3.98	0	0	0	0	0	0	0	0	0	0	0	0	0	0	2/1086	2/1086
SUV39H1|SUV39H2	SUV39H1|SUV39H2	SUV39H1	SUV39H2	paralog	0	0	0	0	0	0	0	0	0	0	0	0	0	0	0	0	0	0	0	0	0	13	13	2.36	13	13	3.03	0	0	0	0	0	0	0	0	0	0	0	0	0	0	5/1081	1/1086
ENOX1|ENOX2	ENOX1|ENOX2	ENOX1	ENOX2	paralog	0	0	0	0	0	0	0	0	0	0	0	0	0	0	0	0	0	0	0	0	0	4	4	0.71	13	13	2.68	0	0	0	0	0	0	0	0	0	0	0	0	0	0	1/1086	0/1081
AP5M1|AP3M1	AP3M1|AP5M1	AP5M1	AP3M1	Achilles	0	0	0	0	0	0	0	0	0	0	0	0	0	0	0	0	0	0	0	0	0	13	13	3.78	13	13	4.81	0	0	0	0	0	0	0	0	0	0	0	0	0	0	1/1086	29/1086
PXDNL|PXDN	PXDN|PXDNL	PXDNL	PXDN	paralog	0	0	0	0	0	0	0	0	0	0	0	0	0	0	0	0	0	0	0	0	0	0	0	0.07	5	5	2.1	0	0	0	0	0	0	0	0	0	0	0	0	0	0	0/1086	0/1086
SERPINA9|HMSD	HMSD|SERPINA9	SERPINA9	HMSD	Achilles	0	0	0	0	0	0	0	0	0	0	0	0	0	0	0	0	0	0	0	0	0	0	0	0	0	0	0.03	0	0	0	0	0	0	1	0	0	0	0	0	1	0	0/1086	1/1086
EPHA3|EFNB1	EFNB1|EPHA3	EPHA3	EFNB1	Achilles	0	0	0	0	0	0	0	0	0	0	0	0	0	0	0	0	0	0	0	0	0	0	0	0.22	11	11	1.72	0	0	0	0	0	0	0	0	0	0	0	0	0	0	3/1086	1/1081
RBPJL|RBPJ	RBPJ|RBPJL	RBPJL	RBPJ	paralog	0	0	0	0	0	0	0	0	0	0	0	0	0	0	0	0	0	0	0	0	0	0	0	0.07	13	13	4.8	0	0	0	0	0	0	1	0	0	0	0	0	1	0	10/1086	36/1086
SBNO2|SBNO1	SBNO1|SBNO2	SBNO2	SBNO1	paralog	0	0	0	0	0	0	0	0	0	0	0	0	0	0	0	0	0	0	0	0	0	13	13	3.48	13	13	3.06	2	2	13	13	0	1	0	0	0	0	0	1	0	0	17/1086	1086/1086
MBTD1|L3MBTL2	L3MBTL2|MBTD1	MBTD1	L3MBTL2	paralog	0	0	0	0	0	0	0	0	0	0	0	0	0	0	0	0	0	0	0	0	0	13	13	3.05	13	13	3.83	0	0	0	0	0	0	0	0	0	0	0	0	0	0	292/1086	3/1086
TPST2|TPST1	TPST1|TPST2	TPST2	TPST1	paralog	0	0	0	0	0	0	0	0	0	0	0	0	0	0	0	0	0	0	0	0	0	13	13	2.88	13	13	3.62	0	0	0	0	0	0	0	0	0	0	0	0	0	0	0/1086	2/1086
FAM126A|FAM126B	FAM126A|FAM126B	FAM126A	FAM126B	paralog	0	0	0	0	0	0	0	0	0	0	0	0	0	0	0	0	0	0	0	0	0	13	13	5.24	13	13	1.68	0	0	0	0	0	0	0	0	0	0	0	0	0	0	1/1086	29/1086
SEC31B|SEC31A	SEC31A|SEC31B	SEC31B	SEC31A	paralog	0	0	0	0	0	0	0	0	0	0	0	0	0	0	0	0	0	0	0	0	0	7	7	1.15	13	13	6.09	0	0	0	0	0	0	0	0	0	0	0	0	0	0	0/1086	9/1086
KIT|PDLIM5	KIT|PDLIM5	KIT	PDLIM5	Jen Uveal	0	0	0	0	0	0	0	0	0	0	0	0	0	0	0	0	0	0	0	0	0	8	8	3.11	13	13	4.02	0	0	0	0	0	0	0	0	0	0	0	0	0	0	2/1086	0/1086
TMEM120B|TMEM120A	TMEM120A|TMEM120B	TMEM120B	TMEM120A	paralog	0	0	0	0	0	0	0	0	0	0	0	0	0	0	0	0	0	0	0	0	0	13	13	2.5	13	13	5.09	0	0	0	0	NA	NA	NA	NA	NA	NA	NA	NA	NA	NA	NA	NA
HPS1|MYCN	HPS1|MYCN	HPS1	MYCN	Emanuel	0	0	0	0	0	0	0	0	0	0	0	0	0	0	0	0	0	0	0	0	0	13	13	5.04	0	0	0.03	0	0	0	0	0	0	0	0	0	0	0	0	0	0	2/1086	36/1086
PRDM16|MECOM	MECOM|PRDM16	PRDM16	MECOM	paralog	0	0	0	0	0	0	0	0	0	0	0	0	0	0	0	0	0	0	0	0	0	2	2	0.43	5	5	0.86	0	0	0	0	0	0	0	0	0	0	0	0	0	0	4/1086	22/1086
TBC1D1|TBC1D4	TBC1D1|TBC1D4	TBC1D1	TBC1D4	paralog	0	0	0	0	0	0	0	0	0	0	0	0	0	0	0	0	0	0	0	0	0	13	13	4.73	13	13	3.75	0	0	0	0	0	0	0	0	0	0	0	0	0	0	2/1086	2/1086
NAT8L|TTC7A	NAT8L|TTC7A	NAT8L	TTC7A	Emanuel	0	0	0	0	0	0	0	0	0	0	0	0	0	0	0	0	0	0	0	0	0	13	13	2.61	13	13	2	0	0	0	0	0	0	0	0	0	0	0	0	0	0	0/1086	129/1086
FRY|FRYL	FRY|FRYL	FRY	FRYL	paralog	0	0	0	0	0	0	0	0	0	0	0	0	0	0	0	0	0	0	0	0	0	2	2	0.78	13	13	3.85	0	0	0	0	0	0	0	0	0	0	0	0	0	0	0/1086	1/1086
ZNF146|ZNF260	ZNF146|ZNF260	ZNF146	ZNF260	paralog	0	0	0	0	0	0	0	0	0	0	0	0	0	0	0	0	0	0	0	0	0	13	13	6.1	13	13	2.86	0	0	0	0	0	0	0	0	0	0	0	0	0	0	1/1086	0/1086
NETO1|NETO2	NETO1|NETO2	NETO1	NETO2	paralog	0	0	0	0	0	0	0	0	0	0	0	0	0	0	0	0	0	0	0	0	0	0	0	0.06	13	13	4.59	0	0	0	0	0	0	0	0	0	0	0	0	0	0	0/1086	0/1086
LATS1|LATS2	LATS1|LATS2	LATS1	LATS2	paralog	0	0	1	0	0	0	0	0	0	0	0	0	0	0	0	0	0	0	0	1	1	13	13	2.14	13	13	3.34	0	0	0	0	0	0	0	0	0	0	0	0	0	0	0/1086	2/1086
DBT|OGDHL	DBT|OGDHL	DBT	OGDHL	Achilles	0	0	0	0	0	0	0	0	0	0	0	0	0	0	0	0	0	0	0	0	0	13	13	2.7	11	11	2.73	0	0	0	0	0	0	0	0	0	0	0	0	0	0	2/1086	3/1086
CHSY3|CHSY1	CHSY1|CHSY3	CHSY3	CHSY1	paralog	0	0	0	0	0	0	0	0	0	0	0	0	0	0	0	0	0	0	0	0	0	7	7	2.08	13	13	2.84	0	0	0	0	0	0	0	0	0	0	0	0	0	0	0/1086	0/1086
ABCG2|MBD4	ABCG2|MBD4	ABCG2	MBD4	Jen Uveal	0	0	0	0	0	0	0	0	0	0	0	0	0	0	0	0	0	0	0	0	0	2	2	0.32	13	13	3.49	0	0	0	0	0	0	0	0	0	0	0	0	0	0	1/1086	1/1086
ADARB2|ADARB1	ADARB1|ADARB2	ADARB2	ADARB1	paralog	0	0	0	0	0	0	0	0	0	0	0	0	0	0	0	0	0	0	0	0	0	0	0	0.02	13	13	3.58	0	0	0	0	0	0	0	0	0	0	0	0	0	0	0/1086	1/1086
PLCG1|PLCG2	PLCG1|PLCG2	PLCG1	PLCG2	paralog	0	0	0	0	0	0	0	0	0	0	0	0	0	0	0	0	0	0	0	0	0	13	13	6.17	8	8	1.07	0	0	0	0	0	0	0	0	0	0	0	0	0	0	13/1086	4/1086
GDF15|TP53	GDF15|TP53	GDF15	TP53	Emanuel	0	0	0	0	0	0	0	0	0	0	0	0	0	0	0	0	0	0	0	0	0	13	13	6.67	13	13	4.61	0	0	0	0	0	0	0	0	0	0	0	0	0	0	0/1086	1/1086
OSBPL6|KLF5	KLF5|OSBPL6	OSBPL6	KLF5	Emanuel	0	0	0	0	0	0	0	0	0	0	0	0	0	0	0	0	0	0	0	0	0	11	11	1.26	13	13	2.91	0	0	0	0	0	0	0	0	0	0	0	0	0	0	0/1086	275/1086
GOLPH3|GOLPH3L	GOLPH3|GOLPH3L	GOLPH3	GOLPH3L	paralog	0	0	0	0	0	0	0	0	0	0	0	0	0	0	0	0	0	0	0	0	0	13	13	5.16	13	13	3.37	0	0	0	0	0	0	0	0	0	0	0	0	0	0	4/1086	5/1086
ALAS1|ALAS2	ALAS1|ALAS2	ALAS1	ALAS2	paralog	0	0	0	0	0	0	0	0	0	0	0	0	0	0	0	0	0	0	0	0	0	13	13	4.78	0	0	0	0	0	0	0	0	0	0	0	0	0	0	0	0	0	57/1086	0/1081
ACACB|ACACA	ACACA|ACACB	ACACB	ACACA	paralog	0	0	0	0	0	0	0	0	0	0	0	0	0	0	0	0	0	0	0	0	0	13	13	1.99	13	13	4.29	0	0	2	2	0	0	0	0	0	0	0	0	0	0	2/1086	413/1086
CDK17|CDK16	CDK16|CDK17	CDK17	CDK16	Achilles	0	0	0	0	0	0	0	0	0	0	0	0	0	0	0	0	0	0	0	0	0	13	13	3.66	13	13	5.59	0	0	0	0	0	0	0	0	0	0	0	0	0	0	0/1086	2/1081
SEC11A|SEC11C	SEC11A|SEC11C	SEC11A	SEC11C	paralog	0	0	1	0	0	0	0	0	0	0	0	0	0	1	1	1	1	1	1	7	7	13	13	7.39	13	13	6.96	0	0	0	0	0	0	0	0	0	0	0	0	0	0	8/1086	0/1086
TMEM185B|TMEM185A	TMEM185A|TMEM185B	TMEM185B	TMEM185A	paralog	0	0	0	0	0	0	0	0	0	0	0	0	0	0	0	0	0	0	0	0	0	13	13	3.74	13	13	3.12	0	0	0	0	0	0	0	0	0	0	0	0	0	0	32/1086	2/1081
MAP4K4|FOXA1	FOXA1|MAP4K4	MAP4K4	FOXA1	Emanuel	0	0	0	0	0	0	0	0	0	0	0	0	0	0	0	0	0	0	0	0	0	13	13	5.18	0	0	0.25	0	0	0	0	0	0	0	0	0	0	0	0	0	0	4/1086	63/1086
RC3H2|RC3H1	RC3H1|RC3H2	RC3H2	RC3H1	paralog	0	0	0	0	0	0	0	0	0	0	0	0	0	0	0	0	0	0	0	0	0	13	13	3.15	13	13	1.94	0	0	2	2	0	0	0	0	0	0	0	0	0	0	0/1086	43/1086
PHLDA1|PHLDA3	PHLDA1|PHLDA3	PHLDA1	PHLDA3	Jen Uveal	0	0	0	0	0	0	0	0	0	0	0	0	0	0	0	0	0	0	0	0	0	13	13	4.98	13	13	4.82	0	0	0	0	0	0	0	0	0	0	0	0	0	0	2/1086	1/1086
ATP7B|ATP7A	ATP7A|ATP7B	ATP7B	ATP7A	paralog	0	0	0	0	0	0	0	0	0	1	1	0	0	0	0	1	1	1	1	6	6	11	11	1.57	13	13	2.63	0	0	10	10	0	0	0	0	0	0	0	0	0	0	0/1086	35/1081
